"pathway","NES","padj","gene","gene_log2FC","gene_padj"
"HALLMARK_EPITHELIAL_MESENCHYMAL_TRANSITION",-2.0594886782831,4.40887927249929e-07,"CCN2",-7.80301925281702,2.69279158755025e-233
"HALLMARK_EPITHELIAL_MESENCHYMAL_TRANSITION",-2.0594886782831,4.40887927249929e-07,"CCN1",-7.58217516754692,2.48648936860275e-184
"HALLMARK_EPITHELIAL_MESENCHYMAL_TRANSITION",-2.0594886782831,4.40887927249929e-07,"COL11A1",-5.97911231595359,0
"HALLMARK_EPITHELIAL_MESENCHYMAL_TRANSITION",-2.0594886782831,4.40887927249929e-07,"THBS1",-5.16471413946792,0
"HALLMARK_EPITHELIAL_MESENCHYMAL_TRANSITION",-2.0594886782831,4.40887927249929e-07,"DAB2",-4.75916780426494,3.62467344947086e-153
"HALLMARK_EPITHELIAL_MESENCHYMAL_TRANSITION",-2.0594886782831,4.40887927249929e-07,"NNMT",-4.32554072935394,1.92839564559738e-89
"HALLMARK_EPITHELIAL_MESENCHYMAL_TRANSITION",-2.0594886782831,4.40887927249929e-07,"ITGB3",-4.24773261828121,2.94707693785138e-230
"HALLMARK_EPITHELIAL_MESENCHYMAL_TRANSITION",-2.0594886782831,4.40887927249929e-07,"ABI3BP",-3.92593960471013,1.71327769923472e-200
"HALLMARK_EPITHELIAL_MESENCHYMAL_TRANSITION",-2.0594886782831,4.40887927249929e-07,"TNFRSF11B",-3.89148438255399,1.59295852244743e-05
"HALLMARK_EPITHELIAL_MESENCHYMAL_TRANSITION",-2.0594886782831,4.40887927249929e-07,"VCAM1",-3.70225048286617,4.51312467541353e-112
"HALLMARK_EPITHELIAL_MESENCHYMAL_TRANSITION",-2.0594886782831,4.40887927249929e-07,"IGFBP3",-3.6914073879696,6.23368607481849e-59
"HALLMARK_EPITHELIAL_MESENCHYMAL_TRANSITION",-2.0594886782831,4.40887927249929e-07,"VIM",-3.55651227831258,1.00761218053013e-115
"HALLMARK_EPITHELIAL_MESENCHYMAL_TRANSITION",-2.0594886782831,4.40887927249929e-07,"CDH11",-3.51266605280108,1.84652099612702e-194
"HALLMARK_EPITHELIAL_MESENCHYMAL_TRANSITION",-2.0594886782831,4.40887927249929e-07,"PTX3",-3.368551232106,2.5864171413152e-21
"HALLMARK_EPITHELIAL_MESENCHYMAL_TRANSITION",-2.0594886782831,4.40887927249929e-07,"VCAN",-3.3430689830481,8.25270594826487e-197
"HALLMARK_EPITHELIAL_MESENCHYMAL_TRANSITION",-2.0594886782831,4.40887927249929e-07,"IL6",-3.31529599703815,1.75600716160925e-44
"HALLMARK_EPITHELIAL_MESENCHYMAL_TRANSITION",-2.0594886782831,4.40887927249929e-07,"LRRC15",-3.27661275794575,0.00717714698534047
"HALLMARK_EPITHELIAL_MESENCHYMAL_TRANSITION",-2.0594886782831,4.40887927249929e-07,"CALD1",-3.27393621064106,4.13596506392006e-149
"HALLMARK_EPITHELIAL_MESENCHYMAL_TRANSITION",-2.0594886782831,4.40887927249929e-07,"COL5A2",-3.25000987079925,3.51071821202547e-108
"HALLMARK_EPITHELIAL_MESENCHYMAL_TRANSITION",-2.0594886782831,4.40887927249929e-07,"VEGFC",-3.23492483525408,2.2587244130984e-40
"HALLMARK_EPITHELIAL_MESENCHYMAL_TRANSITION",-2.0594886782831,4.40887927249929e-07,"COL12A1",-3.12431620296627,5.82362331312125e-121
"HALLMARK_EPITHELIAL_MESENCHYMAL_TRANSITION",-2.0594886782831,4.40887927249929e-07,"LOXL1",-3.0496787515824,7.94249278672063e-50
"HALLMARK_EPITHELIAL_MESENCHYMAL_TRANSITION",-2.0594886782831,4.40887927249929e-07,"FZD8",-3.01023940504548,1.68252827216786e-56
"HALLMARK_EPITHELIAL_MESENCHYMAL_TRANSITION",-2.0594886782831,4.40887927249929e-07,"FBN1",-2.93260630491299,6.49776530132102e-114
"HALLMARK_EPITHELIAL_MESENCHYMAL_TRANSITION",-2.0594886782831,4.40887927249929e-07,"DKK1",-2.92015398263843,6.21928695771507e-47
"HALLMARK_EPITHELIAL_MESENCHYMAL_TRANSITION",-2.0594886782831,4.40887927249929e-07,"CAP2",-2.6290600385961,1.69859989241521e-50
"HALLMARK_EPITHELIAL_MESENCHYMAL_TRANSITION",-2.0594886782831,4.40887927249929e-07,"LOXL2",-2.51922739608152,2.51617302894585e-58
"HALLMARK_EPITHELIAL_MESENCHYMAL_TRANSITION",-2.0594886782831,4.40887927249929e-07,"FN1",-2.51778637847426,2.59161713560113e-84
"HALLMARK_EPITHELIAL_MESENCHYMAL_TRANSITION",-2.0594886782831,4.40887927249929e-07,"COL1A2",-2.41314459203315,4.074778855906e-85
"HALLMARK_EPITHELIAL_MESENCHYMAL_TRANSITION",-2.0594886782831,4.40887927249929e-07,"PTHLH",-2.24036140030151,3.03021159893136e-19
"HALLMARK_EPITHELIAL_MESENCHYMAL_TRANSITION",-2.0594886782831,4.40887927249929e-07,"VEGFA",-2.21874261636616,4.64691965500033e-63
"HALLMARK_EPITHELIAL_MESENCHYMAL_TRANSITION",-2.0594886782831,4.40887927249929e-07,"PMP22",-2.21013167021127,5.7458361435253e-51
"HALLMARK_EPITHELIAL_MESENCHYMAL_TRANSITION",-2.0594886782831,4.40887927249929e-07,"NT5E",-2.20855223945623,2.3738825541794e-32
"HALLMARK_EPITHELIAL_MESENCHYMAL_TRANSITION",-2.0594886782831,4.40887927249929e-07,"SERPINE2",-2.17493912675181,1.00910795160783e-42
"HALLMARK_EPITHELIAL_MESENCHYMAL_TRANSITION",-2.0594886782831,4.40887927249929e-07,"PLOD2",-2.15929545857339,1.05987084347198e-51
"HALLMARK_EPITHELIAL_MESENCHYMAL_TRANSITION",-2.0594886782831,4.40887927249929e-07,"BDNF",-2.0899292559598,1.26531804994467e-20
"HALLMARK_EPITHELIAL_MESENCHYMAL_TRANSITION",-2.0594886782831,4.40887927249929e-07,"TPM1",-2.06636952634976,2.40646339077541e-56
"HALLMARK_EPITHELIAL_MESENCHYMAL_TRANSITION",-2.0594886782831,4.40887927249929e-07,"PRRX1",-2.06534801811558,1.01023716651128e-57
"HALLMARK_EPITHELIAL_MESENCHYMAL_TRANSITION",-2.0594886782831,4.40887927249929e-07,"COL5A1",-2.06127172205798,2.53064541586658e-59
"HALLMARK_EPITHELIAL_MESENCHYMAL_TRANSITION",-2.0594886782831,4.40887927249929e-07,"FSTL1",-1.99637869073096,6.66165964748965e-45
"HALLMARK_EPITHELIAL_MESENCHYMAL_TRANSITION",-2.0594886782831,4.40887927249929e-07,"ENO2",-1.98785866529188,4.89038813677566e-41
"HALLMARK_EPITHELIAL_MESENCHYMAL_TRANSITION",-2.0594886782831,4.40887927249929e-07,"SNTB1",-1.95209714283878,7.4098133859516e-11
"HALLMARK_EPITHELIAL_MESENCHYMAL_TRANSITION",-2.0594886782831,4.40887927249929e-07,"SFRP4",-1.92150532662893,1.76056696959568e-11
"HALLMARK_EPITHELIAL_MESENCHYMAL_TRANSITION",-2.0594886782831,4.40887927249929e-07,"LGALS1",-1.89058585175024,5.88042158610956e-22
"HALLMARK_EPITHELIAL_MESENCHYMAL_TRANSITION",-2.0594886782831,4.40887927249929e-07,"IL32",-1.86940676234797,1.47119250919005e-05
"HALLMARK_EPITHELIAL_MESENCHYMAL_TRANSITION",-2.0594886782831,4.40887927249929e-07,"FAP",-1.86207096060932,2.46120516999869e-14
"HALLMARK_EPITHELIAL_MESENCHYMAL_TRANSITION",-2.0594886782831,4.40887927249929e-07,"COL4A2",-1.84703012684067,4.13981133297511e-50
"HALLMARK_EPITHELIAL_MESENCHYMAL_TRANSITION",-2.0594886782831,4.40887927249929e-07,"PFN2",-1.79779925167938,3.20951643903167e-22
"HALLMARK_EPITHELIAL_MESENCHYMAL_TRANSITION",-2.0594886782831,4.40887927249929e-07,"COL4A1",-1.76638971877568,2.62218697482496e-34
"HALLMARK_EPITHELIAL_MESENCHYMAL_TRANSITION",-2.0594886782831,4.40887927249929e-07,"SDC4",-1.71931164630496,2.70043276572579e-33
"HALLMARK_EPITHELIAL_MESENCHYMAL_TRANSITION",-2.0594886782831,4.40887927249929e-07,"ACTA2",-1.68412026938753,9.11513685196835e-10
"HALLMARK_EPITHELIAL_MESENCHYMAL_TRANSITION",-2.0594886782831,4.40887927249929e-07,"SLIT2",-1.66905540272956,4.55501707309113e-44
"HALLMARK_EPITHELIAL_MESENCHYMAL_TRANSITION",-2.0594886782831,4.40887927249929e-07,"LOX",-1.64185285649426,1.2660405673323e-16
"HALLMARK_EPITHELIAL_MESENCHYMAL_TRANSITION",-2.0594886782831,4.40887927249929e-07,"SLIT3",-1.61830933481107,1.16510539292449e-16
"HALLMARK_EPITHELIAL_MESENCHYMAL_TRANSITION",-2.0594886782831,4.40887927249929e-07,"PVR",-1.55593731269292,9.55269142729332e-37
"HALLMARK_EPITHELIAL_MESENCHYMAL_TRANSITION",-2.0594886782831,4.40887927249929e-07,"FBLN1",-1.53655109648219,2.12318043207845e-16
"HALLMARK_EPITHELIAL_MESENCHYMAL_TRANSITION",-2.0594886782831,4.40887927249929e-07,"PMEPA1",-1.53446936166181,3.44689445133912e-25
"HALLMARK_EPITHELIAL_MESENCHYMAL_TRANSITION",-2.0594886782831,4.40887927249929e-07,"ADAM12",-1.5104367254993,1.37937860427679e-36
"HALLMARK_EPITHELIAL_MESENCHYMAL_TRANSITION",-2.0594886782831,4.40887927249929e-07,"CXCL8",-1.50610918030713,0.028671200949515
"HALLMARK_EPITHELIAL_MESENCHYMAL_TRANSITION",-2.0594886782831,4.40887927249929e-07,"COL5A3",-1.49568002046231,0.272558555404209
"HALLMARK_EPITHELIAL_MESENCHYMAL_TRANSITION",-2.0594886782831,4.40887927249929e-07,"MATN2",-1.44580219362787,5.58745594630931e-18
"HALLMARK_EPITHELIAL_MESENCHYMAL_TRANSITION",-2.0594886782831,4.40887927249929e-07,"TGFBI",-1.43919910309391,1.12852871594228e-14
"HALLMARK_EPITHELIAL_MESENCHYMAL_TRANSITION",-2.0594886782831,4.40887927249929e-07,"MMP14",-1.42341006552546,1.91381872159422e-25
"HALLMARK_EPITHELIAL_MESENCHYMAL_TRANSITION",-2.0594886782831,4.40887927249929e-07,"IL15",-1.39724078599341,2.93117303049213e-11
"HALLMARK_EPITHELIAL_MESENCHYMAL_TRANSITION",-2.0594886782831,4.40887927249929e-07,"THY1",-1.39209380592993,3.76750299803932e-20
"HALLMARK_EPITHELIAL_MESENCHYMAL_TRANSITION",-2.0594886782831,4.40887927249929e-07,"SFRP1",-1.35636149456363,1.27386241388775e-24
"HALLMARK_EPITHELIAL_MESENCHYMAL_TRANSITION",-2.0594886782831,4.40887927249929e-07,"CDH2",-1.33426184423516,8.98058417591662e-27
"HALLMARK_EPITHELIAL_MESENCHYMAL_TRANSITION",-2.0594886782831,4.40887927249929e-07,"DST",-1.28647351697666,6.53229112711348e-25
"HALLMARK_EPITHELIAL_MESENCHYMAL_TRANSITION",-2.0594886782831,4.40887927249929e-07,"FERMT2",-1.28471017781155,1.28974619360147e-14
"HALLMARK_EPITHELIAL_MESENCHYMAL_TRANSITION",-2.0594886782831,4.40887927249929e-07,"FAS",-1.25938895929983,3.66566901598253e-17
"HALLMARK_EPITHELIAL_MESENCHYMAL_TRANSITION",-2.0594886782831,4.40887927249929e-07,"BGN",-1.21742888895713,0.0545883982205363
"HALLMARK_EPITHELIAL_MESENCHYMAL_TRANSITION",-2.0594886782831,4.40887927249929e-07,"FGF2",-1.20606297814764,4.31673327261947e-22
"HALLMARK_EPITHELIAL_MESENCHYMAL_TRANSITION",-2.0594886782831,4.40887927249929e-07,"SERPINH1",-1.19293292868199,3.3699428505504e-11
"HALLMARK_EPITHELIAL_MESENCHYMAL_TRANSITION",-2.0594886782831,4.40887927249929e-07,"CDH6",-1.18890228987312,7.82625567903111e-16
"HALLMARK_EPITHELIAL_MESENCHYMAL_TRANSITION",-2.0594886782831,4.40887927249929e-07,"TNFAIP3",-1.16453814426981,1.85123682893395e-14
"REACTOME_CROSSLINKING_OF_COLLAGEN_FIBRILS",-2.12184375831403,0.00431093026447732,"LOXL1",-3.0496787515824,7.94249278672063e-50
"REACTOME_CROSSLINKING_OF_COLLAGEN_FIBRILS",-2.12184375831403,0.00431093026447732,"LOXL2",-2.51922739608152,2.51617302894585e-58
"REACTOME_CROSSLINKING_OF_COLLAGEN_FIBRILS",-2.12184375831403,0.00431093026447732,"COL1A2",-2.41314459203315,4.074778855906e-85
"REACTOME_CROSSLINKING_OF_COLLAGEN_FIBRILS",-2.12184375831403,0.00431093026447732,"COL4A6",-1.98289613985716,4.55229541560113e-32
"REACTOME_CROSSLINKING_OF_COLLAGEN_FIBRILS",-2.12184375831403,0.00431093026447732,"COL4A2",-1.84703012684067,4.13981133297511e-50
"REACTOME_CROSSLINKING_OF_COLLAGEN_FIBRILS",-2.12184375831403,0.00431093026447732,"COL4A1",-1.76638971877568,2.62218697482496e-34
"REACTOME_CROSSLINKING_OF_COLLAGEN_FIBRILS",-2.12184375831403,0.00431093026447732,"LOX",-1.64185285649426,1.2660405673323e-16
"REACTOME_CROSSLINKING_OF_COLLAGEN_FIBRILS",-2.12184375831403,0.00431093026447732,"COL4A4",-1.57807739632857,1.93753101933788e-05
"REACTOME_CROSSLINKING_OF_COLLAGEN_FIBRILS",-2.12184375831403,0.00431093026447732,"PXDN",-1.52116804831424,3.64132457406068e-30
"REACTOME_CROSSLINKING_OF_COLLAGEN_FIBRILS",-2.12184375831403,0.00431093026447732,"LOXL3",-1.24280403419749,2.26146696318932e-15
"REACTOME_CROSSLINKING_OF_COLLAGEN_FIBRILS",-2.12184375831403,0.00431093026447732,"BMP1",-1.06817394089981,7.60974245687602e-13
"REACTOME_CROSSLINKING_OF_COLLAGEN_FIBRILS",-2.12184375831403,0.00431093026447732,"COL4A5",-0.921766997749912,6.30390648418111e-14
"REACTOME_NON_INTEGRIN_MEMBRANE_ECM_INTERACTIONS",-1.83990812131457,0.0114737455840729,"COL11A1",-5.97911231595359,0
"REACTOME_NON_INTEGRIN_MEMBRANE_ECM_INTERACTIONS",-1.83990812131457,0.0114737455840729,"THBS1",-5.16471413946792,0
"REACTOME_NON_INTEGRIN_MEMBRANE_ECM_INTERACTIONS",-1.83990812131457,0.0114737455840729,"DDR2",-4.52405488046812,8.7128848639006e-284
"REACTOME_NON_INTEGRIN_MEMBRANE_ECM_INTERACTIONS",-1.83990812131457,0.0114737455840729,"ITGB3",-4.24773261828121,2.94707693785138e-230
"REACTOME_NON_INTEGRIN_MEMBRANE_ECM_INTERACTIONS",-1.83990812131457,0.0114737455840729,"ITGB4",-3.63919859917277,3.70200440361704e-156
"REACTOME_NON_INTEGRIN_MEMBRANE_ECM_INTERACTIONS",-1.83990812131457,0.0114737455840729,"DMD",-3.60718304623363,2.68871414911187e-110
"REACTOME_NON_INTEGRIN_MEMBRANE_ECM_INTERACTIONS",-1.83990812131457,0.0114737455840729,"COL5A2",-3.25000987079925,3.51071821202547e-108
"REACTOME_NON_INTEGRIN_MEMBRANE_ECM_INTERACTIONS",-1.83990812131457,0.0114737455840729,"NTN4",-3.22993516123233,4.54647113214138e-73
"REACTOME_NON_INTEGRIN_MEMBRANE_ECM_INTERACTIONS",-1.83990812131457,0.0114737455840729,"FN1",-2.51778637847426,2.59161713560113e-84
"REACTOME_NON_INTEGRIN_MEMBRANE_ECM_INTERACTIONS",-1.83990812131457,0.0114737455840729,"COL1A2",-2.41314459203315,4.074778855906e-85
"REACTOME_NON_INTEGRIN_MEMBRANE_ECM_INTERACTIONS",-1.83990812131457,0.0114737455840729,"COL5A1",-2.06127172205798,2.53064541586658e-59
"REACTOME_NON_INTEGRIN_MEMBRANE_ECM_INTERACTIONS",-1.83990812131457,0.0114737455840729,"COL4A6",-1.98289613985716,4.55229541560113e-32
"REACTOME_NON_INTEGRIN_MEMBRANE_ECM_INTERACTIONS",-1.83990812131457,0.0114737455840729,"SNTB1",-1.95209714283878,7.4098133859516e-11
"REACTOME_NON_INTEGRIN_MEMBRANE_ECM_INTERACTIONS",-1.83990812131457,0.0114737455840729,"SNTA1",-1.84803243428281,1.89403882108048e-23
"REACTOME_NON_INTEGRIN_MEMBRANE_ECM_INTERACTIONS",-1.83990812131457,0.0114737455840729,"COL4A2",-1.84703012684067,4.13981133297511e-50
"REACTOME_NON_INTEGRIN_MEMBRANE_ECM_INTERACTIONS",-1.83990812131457,0.0114737455840729,"HSPG2",-1.81772091901427,4.51759395362078e-25
"REACTOME_NON_INTEGRIN_MEMBRANE_ECM_INTERACTIONS",-1.83990812131457,0.0114737455840729,"COL4A1",-1.76638971877568,2.62218697482496e-34
"REACTOME_NON_INTEGRIN_MEMBRANE_ECM_INTERACTIONS",-1.83990812131457,0.0114737455840729,"SDC4",-1.71931164630496,2.70043276572579e-33
"REACTOME_NON_INTEGRIN_MEMBRANE_ECM_INTERACTIONS",-1.83990812131457,0.0114737455840729,"ACTA2",-1.68412026938753,9.11513685196835e-10
"REACTOME_NON_INTEGRIN_MEMBRANE_ECM_INTERACTIONS",-1.83990812131457,0.0114737455840729,"COL4A4",-1.57807739632857,1.93753101933788e-05
"REACTOME_NON_INTEGRIN_MEMBRANE_ECM_INTERACTIONS",-1.83990812131457,0.0114737455840729,"COL5A3",-1.49568002046231,0.272558555404209
"REACTOME_NON_INTEGRIN_MEMBRANE_ECM_INTERACTIONS",-1.83990812131457,0.0114737455840729,"ACTN1",-1.33748767317466,7.78042920392032e-30
"REACTOME_NON_INTEGRIN_MEMBRANE_ECM_INTERACTIONS",-1.83990812131457,0.0114737455840729,"LAMA5",-1.29112079023563,8.0257157018892e-20
"REACTOME_NON_INTEGRIN_MEMBRANE_ECM_INTERACTIONS",-1.83990812131457,0.0114737455840729,"SSPN",-1.23876429041568,0.000615607104162833
"REACTOME_NON_INTEGRIN_MEMBRANE_ECM_INTERACTIONS",-1.83990812131457,0.0114737455840729,"FGF2",-1.20606297814764,4.31673327261947e-22
"REACTOME_NON_INTEGRIN_MEMBRANE_ECM_INTERACTIONS",-1.83990812131457,0.0114737455840729,"ITGA2",-1.14247579466725,5.40213269234652e-19
"REACTOME_NON_INTEGRIN_MEMBRANE_ECM_INTERACTIONS",-1.83990812131457,0.0114737455840729,"ACTB",-1.13291750837987,4.43051403451598e-23
"REACTOME_NON_INTEGRIN_MEMBRANE_ECM_INTERACTIONS",-1.83990812131457,0.0114737455840729,"LAMB2",-1.11212895341055,6.77717789767655e-16
"REACTOME_NON_INTEGRIN_MEMBRANE_ECM_INTERACTIONS",-1.83990812131457,0.0114737455840729,"SGCE",-1.10240965939499,5.23384558460998e-14
"REACTOME_NON_INTEGRIN_MEMBRANE_ECM_INTERACTIONS",-1.83990812131457,0.0114737455840729,"UTRN",-1.04874394267944,4.30389709813013e-16
"REACTOME_NON_INTEGRIN_MEMBRANE_ECM_INTERACTIONS",-1.83990812131457,0.0114737455840729,"COL10A1",-0.940426049961355,0.0014284654106339
"REACTOME_NON_INTEGRIN_MEMBRANE_ECM_INTERACTIONS",-1.83990812131457,0.0114737455840729,"COL4A5",-0.921766997749912,6.30390648418111e-14
"REACTOME_NON_INTEGRIN_MEMBRANE_ECM_INTERACTIONS",-1.83990812131457,0.0114737455840729,"LAMA2",-0.893937105188434,6.42477306816042e-07
"REACTOME_NON_INTEGRIN_MEMBRANE_ECM_INTERACTIONS",-1.83990812131457,0.0114737455840729,"TNC",-0.873798246536076,1.77813619023221e-14
"REACTOME_NON_INTEGRIN_MEMBRANE_ECM_INTERACTIONS",-1.83990812131457,0.0114737455840729,"DTNA",-0.858478326153406,2.47327505779781e-11
"REACTOME_NON_INTEGRIN_MEMBRANE_ECM_INTERACTIONS",-1.83990812131457,0.0114737455840729,"LAMA3",-0.786507022250031,0.0164682882581477
"REACTOME_NON_INTEGRIN_MEMBRANE_ECM_INTERACTIONS",-1.83990812131457,0.0114737455840729,"SGCG",-0.78032159815145,0.716231944820034
"REACTOME_NON_INTEGRIN_MEMBRANE_ECM_INTERACTIONS",-1.83990812131457,0.0114737455840729,"SDC3",-0.764962867094192,3.4422909888266e-09
"GOBP_CELL_SUBSTRATE_ADHESION",-1.40541252474614,0.0465794184812716,"CCN2",-7.80301925281702,2.69279158755025e-233
"GOBP_CELL_SUBSTRATE_ADHESION",-1.40541252474614,0.0465794184812716,"CCN1",-7.58217516754692,2.48648936860275e-184
"GOBP_CELL_SUBSTRATE_ADHESION",-1.40541252474614,0.0465794184812716,"THBS1",-5.16471413946792,0
"GOBP_CELL_SUBSTRATE_ADHESION",-1.40541252474614,0.0465794184812716,"PARVA",-5.13370211651562,8.32659477609049e-191
"GOBP_CELL_SUBSTRATE_ADHESION",-1.40541252474614,0.0465794184812716,"DAB2",-4.75916780426494,3.62467344947086e-153
"GOBP_CELL_SUBSTRATE_ADHESION",-1.40541252474614,0.0465794184812716,"ITGB3",-4.24773261828121,2.94707693785138e-230
"GOBP_CELL_SUBSTRATE_ADHESION",-1.40541252474614,0.0465794184812716,"ABI3BP",-3.92593960471013,1.71327769923472e-200
"GOBP_CELL_SUBSTRATE_ADHESION",-1.40541252474614,0.0465794184812716,"VCAM1",-3.70225048286617,4.51312467541353e-112
"GOBP_CELL_SUBSTRATE_ADHESION",-1.40541252474614,0.0465794184812716,"COL8A1",-3.6564954861073,1.10621260980863e-82
"GOBP_CELL_SUBSTRATE_ADHESION",-1.40541252474614,0.0465794184812716,"ITGB4",-3.63919859917277,3.70200440361704e-156
"GOBP_CELL_SUBSTRATE_ADHESION",-1.40541252474614,0.0465794184812716,"CDH11",-3.51266605280108,1.84652099612702e-194
"GOBP_CELL_SUBSTRATE_ADHESION",-1.40541252474614,0.0465794184812716,"AJUBA",-3.30499069168193,2.31864857416459e-125
"GOBP_CELL_SUBSTRATE_ADHESION",-1.40541252474614,0.0465794184812716,"NTN4",-3.22993516123233,4.54647113214138e-73
"GOBP_CELL_SUBSTRATE_ADHESION",-1.40541252474614,0.0465794184812716,"EPHA3",-3.15926590086563,1.5599374742183e-148
"GOBP_CELL_SUBSTRATE_ADHESION",-1.40541252474614,0.0465794184812716,"ITGB8",-3.13290375568598,1.00113019720093e-161
"GOBP_CELL_SUBSTRATE_ADHESION",-1.40541252474614,0.0465794184812716,"LIMCH1",-3.1060039256628,3.32694622750626e-149
"GOBP_CELL_SUBSTRATE_ADHESION",-1.40541252474614,0.0465794184812716,"NDNF",-3.05974949648088,1.51311450628741e-15
"GOBP_CELL_SUBSTRATE_ADHESION",-1.40541252474614,0.0465794184812716,"DOCK1",-2.60720633264655,1.25521458925796e-82
"GOBP_CELL_SUBSTRATE_ADHESION",-1.40541252474614,0.0465794184812716,"FN1",-2.51778637847426,2.59161713560113e-84
"GOBP_CELL_SUBSTRATE_ADHESION",-1.40541252474614,0.0465794184812716,"CDK6",-2.50416652567573,5.2950036925613e-94
"GOBP_CELL_SUBSTRATE_ADHESION",-1.40541252474614,0.0465794184812716,"RIN2",-2.35208958768779,5.02842115684272e-61
"GOBP_CELL_SUBSTRATE_ADHESION",-1.40541252474614,0.0465794184812716,"CCDC80",-2.34334935766562,1.73043385340658e-60
"GOBP_CELL_SUBSTRATE_ADHESION",-1.40541252474614,0.0465794184812716,"CD36",-2.27985808946027,4.21974463846323e-05
"GOBP_CELL_SUBSTRATE_ADHESION",-1.40541252474614,0.0465794184812716,"VEGFA",-2.21874261636616,4.64691965500033e-63
"GOBP_CELL_SUBSTRATE_ADHESION",-1.40541252474614,0.0465794184812716,"ANGPTL3",-2.21727597619546,1.04150824547337e-14
"GOBP_CELL_SUBSTRATE_ADHESION",-1.40541252474614,0.0465794184812716,"ITGBL1",-2.20640017086012,9.80373456275111e-10
"GOBP_CELL_SUBSTRATE_ADHESION",-1.40541252474614,0.0465794184812716,"EMP2",-2.20170279455352,6.65006416677475e-40
"GOBP_CELL_SUBSTRATE_ADHESION",-1.40541252474614,0.0465794184812716,"PTPRK",-2.19224173975252,1.78358748022065e-66
"GOBP_CELL_SUBSTRATE_ADHESION",-1.40541252474614,0.0465794184812716,"ANGPT1",-2.08196143987336,4.62469190763532e-19
"GOBP_CELL_SUBSTRATE_ADHESION",-1.40541252474614,0.0465794184812716,"RAC3",-2.00030859160283,1.69522089774315e-09
"GOBP_CELL_SUBSTRATE_ADHESION",-1.40541252474614,0.0465794184812716,"AXL",-1.90267608654883,4.26102651988423e-46
"GOBP_CELL_SUBSTRATE_ADHESION",-1.40541252474614,0.0465794184812716,"PTPRO",-1.77249482845024,4.85155592405729e-06
"GOBP_CELL_SUBSTRATE_ADHESION",-1.40541252474614,0.0465794184812716,"MYADM",-1.77170868554818,2.13297231631144e-37
"GOBP_CELL_SUBSTRATE_ADHESION",-1.40541252474614,0.0465794184812716,"ITGA4",-1.73776555889135,5.8236348763513e-25
"GOBP_CELL_SUBSTRATE_ADHESION",-1.40541252474614,0.0465794184812716,"SDC4",-1.71931164630496,2.70043276572579e-33
"GOBP_CELL_SUBSTRATE_ADHESION",-1.40541252474614,0.0465794184812716,"NRP1",-1.70287836120004,1.2636777817167e-49
"GOBP_CELL_SUBSTRATE_ADHESION",-1.40541252474614,0.0465794184812716,"CD34",-1.69716234588557,2.28098056324323e-06
"GOBP_CELL_SUBSTRATE_ADHESION",-1.40541252474614,0.0465794184812716,"HAS2",-1.64387235215349,1.67585006751067e-29
"GOBP_CELL_SUBSTRATE_ADHESION",-1.40541252474614,0.0465794184812716,"EFNA1",-1.62768617892529,7.74066608402689e-15
"GOBP_CELL_SUBSTRATE_ADHESION",-1.40541252474614,0.0465794184812716,"SORBS1",-1.59959498813294,6.93438770274479e-34
"GOBP_CELL_SUBSTRATE_ADHESION",-1.40541252474614,0.0465794184812716,"PLEKHA2",-1.58706625670174,7.45483548480844e-35
"GOBP_CELL_SUBSTRATE_ADHESION",-1.40541252474614,0.0465794184812716,"DUSP3",-1.56952449088774,4.35844206484197e-30
"GOBP_CELL_SUBSTRATE_ADHESION",-1.40541252474614,0.0465794184812716,"TRIP6",-1.56810853381815,3.90311528766236e-19
"GOBP_CELL_SUBSTRATE_ADHESION",-1.40541252474614,0.0465794184812716,"KIF14",-1.54676235355272,4.75671192534173e-22
"GOBP_CELL_SUBSTRATE_ADHESION",-1.40541252474614,0.0465794184812716,"FBLN1",-1.53655109648219,2.12318043207845e-16
"GOBP_CELL_SUBSTRATE_ADHESION",-1.40541252474614,0.0465794184812716,"TRIOBP",-1.52609539007947,1.88229241810948e-26
"GOBP_CELL_SUBSTRATE_ADHESION",-1.40541252474614,0.0465794184812716,"COL5A3",-1.49568002046231,0.272558555404209
"GOBP_CELL_SUBSTRATE_ADHESION",-1.40541252474614,0.0465794184812716,"FOXF1",-1.48042557740564,0.0453690654280987
"GOBP_CELL_SUBSTRATE_ADHESION",-1.40541252474614,0.0465794184812716,"MMP14",-1.42341006552546,1.91381872159422e-25
"GOBP_CELL_SUBSTRATE_ADHESION",-1.40541252474614,0.0465794184812716,"HOXD3",-1.40776386777714,8.11199205270224e-16
"GOBP_CELL_SUBSTRATE_ADHESION",-1.40541252474614,0.0465794184812716,"THY1",-1.39209380592993,3.76750299803932e-20
"GOBP_CELL_SUBSTRATE_ADHESION",-1.40541252474614,0.0465794184812716,"SFRP1",-1.35636149456363,1.27386241388775e-24
"GOBP_CELL_SUBSTRATE_ADHESION",-1.40541252474614,0.0465794184812716,"ACTN1",-1.33748767317466,7.78042920392032e-30
"GOBP_CELL_SUBSTRATE_ADHESION",-1.40541252474614,0.0465794184812716,"TYRO3",-1.3346447701548,7.90821478017891e-16
"GOBP_CELL_SUBSTRATE_ADHESION",-1.40541252474614,0.0465794184812716,"LAMA5",-1.29112079023563,8.0257157018892e-20
"GOBP_CELL_SUBSTRATE_ADHESION",-1.40541252474614,0.0465794184812716,"ACTN4",-1.28676224576944,1.67282502859439e-27
"GOBP_CELL_SUBSTRATE_ADHESION",-1.40541252474614,0.0465794184812716,"FERMT2",-1.28471017781155,1.28974619360147e-14
"GOBP_CELL_SUBSTRATE_ADHESION",-1.40541252474614,0.0465794184812716,"ITGA3",-1.27930839790344,6.1626807053987e-28
"GOBP_CELL_SUBSTRATE_ADHESION",-1.40541252474614,0.0465794184812716,"PKD1",-1.27443571186585,3.94939824445136e-25
"GOBP_CELL_SUBSTRATE_ADHESION",-1.40541252474614,0.0465794184812716,"BST1",-1.25966351450892,0.00638496892290881
"GOBP_CELL_SUBSTRATE_ADHESION",-1.40541252474614,0.0465794184812716,"ITGAM",-1.25066300333845,0.0114859456111523
"GOBP_CELL_SUBSTRATE_ADHESION",-1.40541252474614,0.0465794184812716,"CDH13",-1.24650493120436,5.3062762559146e-16
"GOBP_CELL_SUBSTRATE_ADHESION",-1.40541252474614,0.0465794184812716,"PHLDB2",-1.20322591151744,2.32142808152156e-15
"GOBP_CELL_SUBSTRATE_ADHESION",-1.40541252474614,0.0465794184812716,"FUT1",-1.19282710049759,0.0175039854626593
"GOBP_CELL_SUBSTRATE_ADHESION",-1.40541252474614,0.0465794184812716,"KANK1",-1.19096095045246,2.01911840593086e-22
"GOBP_CELL_SUBSTRATE_ADHESION",-1.40541252474614,0.0465794184812716,"HOXA7",-1.1888534728959,0.509981583242591
"GOBP_CELL_SUBSTRATE_ADHESION",-1.40541252474614,0.0465794184812716,"ADAMTS12",-1.14729841880974,1.64379288134228e-08
"GOBP_CELL_SUBSTRATE_ADHESION",-1.40541252474614,0.0465794184812716,"ITGA2",-1.14247579466725,5.40213269234652e-19
"GOBP_CELL_SUBSTRATE_ADHESION",-1.40541252474614,0.0465794184812716,"CX3CL1",-1.13714964669186,5.28035709726107e-16
"GOBP_CELL_SUBSTRATE_ADHESION",-1.40541252474614,0.0465794184812716,"EGFLAM",-1.12253583052472,0.304088719053589
"GOBP_CELL_SUBSTRATE_ADHESION",-1.40541252474614,0.0465794184812716,"ADAMTS9",-1.11843399450611,4.5309625300279e-07
"GOBP_CELL_SUBSTRATE_ADHESION",-1.40541252474614,0.0465794184812716,"STON1",-1.10724470934379,2.79679722637719e-11
"GOBP_CELL_SUBSTRATE_ADHESION",-1.40541252474614,0.0465794184812716,"CSF1",-1.10585592740607,2.70529539998132e-19
"GOBP_CELL_SUBSTRATE_ADHESION",-1.40541252474614,0.0465794184812716,"SGCE",-1.10240965939499,5.23384558460998e-14
"GOBP_CELL_SUBSTRATE_ADHESION",-1.40541252474614,0.0465794184812716,"DOCK5",-1.07875124929209,4.5900205949956e-14
"GOBP_CELL_SUBSTRATE_ADHESION",-1.40541252474614,0.0465794184812716,"ARHGAP6",-1.07010580890964,0.0065774861277945
"GOBP_CELL_SUBSTRATE_ADHESION",-1.40541252474614,0.0465794184812716,"UTRN",-1.04874394267944,4.30389709813013e-16
"GOBP_CELL_SUBSTRATE_ADHESION",-1.40541252474614,0.0465794184812716,"ADAM9",-1.04041676909362,6.8857652658336e-13
"GOBP_CELL_SUBSTRATE_ADHESION",-1.40541252474614,0.0465794184812716,"S100A10",-1.02370002357237,2.12066617413295e-08
"GOBP_CELL_SUBSTRATE_ADHESION",-1.40541252474614,0.0465794184812716,"NF2",-1.01685496864315,1.43618880544296e-15
"GOBP_CELL_SUBSTRATE_ADHESION",-1.40541252474614,0.0465794184812716,"HACD1",-1.01105807847156,0.00786547609938495
"GOBP_CELL_SUBSTRATE_ADHESION",-1.40541252474614,0.0465794184812716,"ONECUT1",-1.00623726642477,0.0152220629127876
"GOBP_POSITIVE_REGULATION_OF_ENDOTHELIAL_CELL_MIGRATION",-1.57248813378146,0.0738489281080217,"THBS1",-5.16471413946792,0
"GOBP_POSITIVE_REGULATION_OF_ENDOTHELIAL_CELL_MIGRATION",-1.57248813378146,0.0738489281080217,"ATOH8",-4.85107270898167,1.11712845159032e-39
"GOBP_POSITIVE_REGULATION_OF_ENDOTHELIAL_CELL_MIGRATION",-1.57248813378146,0.0738489281080217,"ITGB3",-4.24773261828121,2.94707693785138e-230
"GOBP_POSITIVE_REGULATION_OF_ENDOTHELIAL_CELL_MIGRATION",-1.57248813378146,0.0738489281080217,"EDN1",-3.80107746007738,2.55363384264774e-24
"GOBP_POSITIVE_REGULATION_OF_ENDOTHELIAL_CELL_MIGRATION",-1.57248813378146,0.0738489281080217,"RHOJ",-3.58499891694571,1.37907982980205e-105
"GOBP_POSITIVE_REGULATION_OF_ENDOTHELIAL_CELL_MIGRATION",-1.57248813378146,0.0738489281080217,"VEGFC",-3.23492483525408,2.2587244130984e-40
"GOBP_POSITIVE_REGULATION_OF_ENDOTHELIAL_CELL_MIGRATION",-1.57248813378146,0.0738489281080217,"PRKD1",-2.96893802822791,6.61689032842727e-105
"GOBP_POSITIVE_REGULATION_OF_ENDOTHELIAL_CELL_MIGRATION",-1.57248813378146,0.0738489281080217,"TMSB4X",-2.95816788923507,1.99218731277703e-12
"GOBP_POSITIVE_REGULATION_OF_ENDOTHELIAL_CELL_MIGRATION",-1.57248813378146,0.0738489281080217,"ANXA3",-2.94939610155031,1.05670244283196e-17
"GOBP_POSITIVE_REGULATION_OF_ENDOTHELIAL_CELL_MIGRATION",-1.57248813378146,0.0738489281080217,"ETS1",-2.52250066304808,1.98185565824567e-78
"GOBP_POSITIVE_REGULATION_OF_ENDOTHELIAL_CELL_MIGRATION",-1.57248813378146,0.0738489281080217,"ANXA1",-2.46113953485952,5.01208646388006e-30
"GOBP_POSITIVE_REGULATION_OF_ENDOTHELIAL_CELL_MIGRATION",-1.57248813378146,0.0738489281080217,"RIN2",-2.35208958768779,5.02842115684272e-61
"GOBP_POSITIVE_REGULATION_OF_ENDOTHELIAL_CELL_MIGRATION",-1.57248813378146,0.0738489281080217,"AMOT",-2.34036490108262,2.13485616135174e-78
"GOBP_POSITIVE_REGULATION_OF_ENDOTHELIAL_CELL_MIGRATION",-1.57248813378146,0.0738489281080217,"HDAC9",-2.34007634726241,4.25009202733988e-86
"GOBP_POSITIVE_REGULATION_OF_ENDOTHELIAL_CELL_MIGRATION",-1.57248813378146,0.0738489281080217,"VEGFA",-2.21874261636616,4.64691965500033e-63
"GOBP_POSITIVE_REGULATION_OF_ENDOTHELIAL_CELL_MIGRATION",-1.57248813378146,0.0738489281080217,"MET",-2.14837531257233,2.69595847002288e-70
"GOBP_POSITIVE_REGULATION_OF_ENDOTHELIAL_CELL_MIGRATION",-1.57248813378146,0.0738489281080217,"ANGPT1",-2.08196143987336,4.62469190763532e-19
"GOBP_POSITIVE_REGULATION_OF_ENDOTHELIAL_CELL_MIGRATION",-1.57248813378146,0.0738489281080217,"PLK2",-1.93707086403495,8.10065149199085e-39
"GOBP_POSITIVE_REGULATION_OF_ENDOTHELIAL_CELL_MIGRATION",-1.57248813378146,0.0738489281080217,"GPI",-1.89969953867499,4.93257253935322e-54
"GOBP_POSITIVE_REGULATION_OF_ENDOTHELIAL_CELL_MIGRATION",-1.57248813378146,0.0738489281080217,"MIR221",-1.7576843465765,1.31604223792563e-05
"GOBP_POSITIVE_REGULATION_OF_ENDOTHELIAL_CELL_MIGRATION",-1.57248813378146,0.0738489281080217,"NRP1",-1.70287836120004,1.2636777817167e-49
"GOBP_POSITIVE_REGULATION_OF_ENDOTHELIAL_CELL_MIGRATION",-1.57248813378146,0.0738489281080217,"MIR30A",-1.69114950990039,0.179167872806551
"GOBP_POSITIVE_REGULATION_OF_ENDOTHELIAL_CELL_MIGRATION",-1.57248813378146,0.0738489281080217,"SRPX2",-1.63070386215372,1.6740868773151e-14
"GOBP_POSITIVE_REGULATION_OF_ENDOTHELIAL_CELL_MIGRATION",-1.57248813378146,0.0738489281080217,"HSPB1",-1.60640320987021,6.40857374582644e-29
"GOBP_POSITIVE_REGULATION_OF_ENDOTHELIAL_CELL_MIGRATION",-1.57248813378146,0.0738489281080217,"PIK3CD",-1.39715852457758,8.64460536088377e-19
"GOBP_POSITIVE_REGULATION_OF_ENDOTHELIAL_CELL_MIGRATION",-1.57248813378146,0.0738489281080217,"HMOX1",-1.39156728134048,5.36708886161283e-14
"GOBP_POSITIVE_REGULATION_OF_ENDOTHELIAL_CELL_MIGRATION",-1.57248813378146,0.0738489281080217,"PTGS2",-1.3815697091057,0.355071010267589
"GOBP_POSITIVE_REGULATION_OF_ENDOTHELIAL_CELL_MIGRATION",-1.57248813378146,0.0738489281080217,"MIR10B",-1.36104179905856,0.0792639710997941
"GOBP_POSITIVE_REGULATION_OF_ENDOTHELIAL_CELL_MIGRATION",-1.57248813378146,0.0738489281080217,"FOXP1",-1.27265872282597,3.32769299514742e-19
"GOBP_POSITIVE_REGULATION_OF_ENDOTHELIAL_CELL_MIGRATION",-1.57248813378146,0.0738489281080217,"ADGRA2",-1.23749894920466,1.16471934281174e-07
"GOBP_POSITIVE_REGULATION_OF_ENDOTHELIAL_CELL_MIGRATION",-1.57248813378146,0.0738489281080217,"FGF2",-1.20606297814764,4.31673327261947e-22
"GOBP_POSITIVE_REGULATION_OF_ENDOTHELIAL_CELL_MIGRATION",-1.57248813378146,0.0738489281080217,"FUT1",-1.19282710049759,0.0175039854626593
"GOBP_POSITIVE_REGULATION_OF_ENDOTHELIAL_CELL_MIGRATION",-1.57248813378146,0.0738489281080217,"MIR210",-1.19143003973176,0.24270705824582
"GOBP_POSITIVE_REGULATION_OF_ENDOTHELIAL_CELL_MIGRATION",-1.57248813378146,0.0738489281080217,"HMGB1",-1.11691287853039,0.0146736624471418
"GOBP_POSITIVE_REGULATION_OF_ENDOTHELIAL_CELL_MIGRATION",-1.57248813378146,0.0738489281080217,"SCARB1",-1.09817694481834,6.19854736426763e-12
"GOBP_BLOOD_VESSEL_ENDOTHELIAL_CELL_MIGRATION",-1.46344706415096,0.0816881108794846,"THBS1",-5.16471413946792,0
"GOBP_BLOOD_VESSEL_ENDOTHELIAL_CELL_MIGRATION",-1.46344706415096,0.0816881108794846,"RHOJ",-3.58499891694571,1.37907982980205e-105
"GOBP_BLOOD_VESSEL_ENDOTHELIAL_CELL_MIGRATION",-1.46344706415096,0.0816881108794846,"CYP1B1",-3.25290937184554,3.38736964347657e-27
"GOBP_BLOOD_VESSEL_ENDOTHELIAL_CELL_MIGRATION",-1.46344706415096,0.0816881108794846,"VEGFC",-3.23492483525408,2.2587244130984e-40
"GOBP_BLOOD_VESSEL_ENDOTHELIAL_CELL_MIGRATION",-1.46344706415096,0.0816881108794846,"PRKD1",-2.96893802822791,6.61689032842727e-105
"GOBP_BLOOD_VESSEL_ENDOTHELIAL_CELL_MIGRATION",-1.46344706415096,0.0816881108794846,"TMSB4X",-2.95816788923507,1.99218731277703e-12
"GOBP_BLOOD_VESSEL_ENDOTHELIAL_CELL_MIGRATION",-1.46344706415096,0.0816881108794846,"STARD13",-2.56581001892774,3.84776872973153e-62
"GOBP_BLOOD_VESSEL_ENDOTHELIAL_CELL_MIGRATION",-1.46344706415096,0.0816881108794846,"ETS1",-2.52250066304808,1.98185565824567e-78
"GOBP_BLOOD_VESSEL_ENDOTHELIAL_CELL_MIGRATION",-1.46344706415096,0.0816881108794846,"ANXA1",-2.46113953485952,5.01208646388006e-30
"GOBP_BLOOD_VESSEL_ENDOTHELIAL_CELL_MIGRATION",-1.46344706415096,0.0816881108794846,"MIR2355",-2.43760234033078,0.000206939381627399
"GOBP_BLOOD_VESSEL_ENDOTHELIAL_CELL_MIGRATION",-1.46344706415096,0.0816881108794846,"AMOT",-2.34036490108262,2.13485616135174e-78
"GOBP_BLOOD_VESSEL_ENDOTHELIAL_CELL_MIGRATION",-1.46344706415096,0.0816881108794846,"HDAC9",-2.34007634726241,4.25009202733988e-86
"GOBP_BLOOD_VESSEL_ENDOTHELIAL_CELL_MIGRATION",-1.46344706415096,0.0816881108794846,"VEGFA",-2.21874261636616,4.64691965500033e-63
"GOBP_BLOOD_VESSEL_ENDOTHELIAL_CELL_MIGRATION",-1.46344706415096,0.0816881108794846,"EMP2",-2.20170279455352,6.65006416677475e-40
"GOBP_BLOOD_VESSEL_ENDOTHELIAL_CELL_MIGRATION",-1.46344706415096,0.0816881108794846,"ANGPT1",-2.08196143987336,4.62469190763532e-19
"GOBP_BLOOD_VESSEL_ENDOTHELIAL_CELL_MIGRATION",-1.46344706415096,0.0816881108794846,"PLK2",-1.93707086403495,8.10065149199085e-39
"GOBP_BLOOD_VESSEL_ENDOTHELIAL_CELL_MIGRATION",-1.46344706415096,0.0816881108794846,"CDH5",-1.87336160635365,1.17875052113875e-08
"GOBP_BLOOD_VESSEL_ENDOTHELIAL_CELL_MIGRATION",-1.46344706415096,0.0816881108794846,"EPHA2",-1.83480597326664,1.0624278580918e-49
"GOBP_BLOOD_VESSEL_ENDOTHELIAL_CELL_MIGRATION",-1.46344706415096,0.0816881108794846,"SOX18",-1.78468459006581,0.0139213979313348
"GOBP_BLOOD_VESSEL_ENDOTHELIAL_CELL_MIGRATION",-1.46344706415096,0.0816881108794846,"MIR221",-1.7576843465765,1.31604223792563e-05
"GOBP_BLOOD_VESSEL_ENDOTHELIAL_CELL_MIGRATION",-1.46344706415096,0.0816881108794846,"CLEC14A",-1.72720199690359,0.00715833055222917
"GOBP_BLOOD_VESSEL_ENDOTHELIAL_CELL_MIGRATION",-1.46344706415096,0.0816881108794846,"NRP1",-1.70287836120004,1.2636777817167e-49
"GOBP_BLOOD_VESSEL_ENDOTHELIAL_CELL_MIGRATION",-1.46344706415096,0.0816881108794846,"MIR30A",-1.69114950990039,0.179167872806551
"GOBP_BLOOD_VESSEL_ENDOTHELIAL_CELL_MIGRATION",-1.46344706415096,0.0816881108794846,"SLIT2",-1.66905540272956,4.55501707309113e-44
"GOBP_BLOOD_VESSEL_ENDOTHELIAL_CELL_MIGRATION",-1.46344706415096,0.0816881108794846,"SRPX2",-1.63070386215372,1.6740868773151e-14
"GOBP_BLOOD_VESSEL_ENDOTHELIAL_CELL_MIGRATION",-1.46344706415096,0.0816881108794846,"EFNA1",-1.62768617892529,7.74066608402689e-15
"GOBP_BLOOD_VESSEL_ENDOTHELIAL_CELL_MIGRATION",-1.46344706415096,0.0816881108794846,"HSPB1",-1.60640320987021,6.40857374582644e-29
"GOBP_BLOOD_VESSEL_ENDOTHELIAL_CELL_MIGRATION",-1.46344706415096,0.0816881108794846,"SPRED1",-1.45208170178637,1.91622551915107e-31
"GOBP_BLOOD_VESSEL_ENDOTHELIAL_CELL_MIGRATION",-1.46344706415096,0.0816881108794846,"HMOX1",-1.39156728134048,5.36708886161283e-14
"GOBP_BLOOD_VESSEL_ENDOTHELIAL_CELL_MIGRATION",-1.46344706415096,0.0816881108794846,"PTGS2",-1.3815697091057,0.355071010267589
"GOBP_BLOOD_VESSEL_ENDOTHELIAL_CELL_MIGRATION",-1.46344706415096,0.0816881108794846,"MIR10B",-1.36104179905856,0.0792639710997941
"GOBP_BLOOD_VESSEL_ENDOTHELIAL_CELL_MIGRATION",-1.46344706415096,0.0816881108794846,"GPX1",-1.28779697089623,1.82317696958724e-06
"GOBP_BLOOD_VESSEL_ENDOTHELIAL_CELL_MIGRATION",-1.46344706415096,0.0816881108794846,"MEF2C",-1.23544331662129,1.6388371315221e-20
"GOBP_BLOOD_VESSEL_ENDOTHELIAL_CELL_MIGRATION",-1.46344706415096,0.0816881108794846,"FGF2",-1.20606297814764,4.31673327261947e-22
"GOBP_BLOOD_VESSEL_ENDOTHELIAL_CELL_MIGRATION",-1.46344706415096,0.0816881108794846,"TBXA2R",-1.20006094447352,1.4450042516171e-06
"GOBP_BLOOD_VESSEL_ENDOTHELIAL_CELL_MIGRATION",-1.46344706415096,0.0816881108794846,"MYH9",-1.19632172634076,3.0962997204878e-20
"GOBP_BLOOD_VESSEL_ENDOTHELIAL_CELL_MIGRATION",-1.46344706415096,0.0816881108794846,"MIR210",-1.19143003973176,0.24270705824582
"GOBP_BLOOD_VESSEL_ENDOTHELIAL_CELL_MIGRATION",-1.46344706415096,0.0816881108794846,"MIR505",-1.15643873266292,0.188366943157676
"GOBP_BLOOD_VESSEL_ENDOTHELIAL_CELL_MIGRATION",-1.46344706415096,0.0816881108794846,"HMGB1",-1.11691287853039,0.0146736624471418
"GOBP_BLOOD_VESSEL_ENDOTHELIAL_CELL_MIGRATION",-1.46344706415096,0.0816881108794846,"SCARB1",-1.09817694481834,6.19854736426763e-12
"GOBP_BLOOD_VESSEL_ENDOTHELIAL_CELL_MIGRATION",-1.46344706415096,0.0816881108794846,"MICALL1",-1.09182708934645,6.05957196267126e-15
"GOBP_BLOOD_VESSEL_ENDOTHELIAL_CELL_MIGRATION",-1.46344706415096,0.0816881108794846,"CARD10",-1.03698860941304,7.47125418825769e-08
"GOBP_BLOOD_VESSEL_ENDOTHELIAL_CELL_MIGRATION",-1.46344706415096,0.0816881108794846,"HDAC7",-1.00611334407494,2.18342596459228e-12
"GOBP_BLOOD_VESSEL_ENDOTHELIAL_CELL_MIGRATION",-1.46344706415096,0.0816881108794846,"MIR204",-0.917954577304384,0.0231440930678333
"GOBP_BLOOD_VESSEL_ENDOTHELIAL_CELL_MIGRATION",-1.46344706415096,0.0816881108794846,"ID1",-0.890936721211835,3.84506756524369e-07
"GOBP_BLOOD_VESSEL_ENDOTHELIAL_CELL_MIGRATION",-1.46344706415096,0.0816881108794846,"NR2E1",-0.884019086529413,0.000424647647668984
"GOBP_BLOOD_VESSEL_ENDOTHELIAL_CELL_MIGRATION",-1.46344706415096,0.0816881108794846,"HIF1A",-0.883556698264172,5.03923853191384e-11
"GOBP_BLOOD_VESSEL_ENDOTHELIAL_CELL_MIGRATION",-1.46344706415096,0.0816881108794846,"MIR135B",-0.883217338856285,0.384839998721652
"GOBP_DENDRITIC_CELL_CHEMOTAXIS",1.72973128240004,0.0816881108794846,"ARHGEF5",8.26990776029733,3.40892563534353e-114
"GOBP_DENDRITIC_CELL_CHEMOTAXIS",1.72973128240004,0.0816881108794846,"CCR7",4.31375801902438,2.3270663701464e-06
"GOBP_DENDRITIC_CELL_CHEMOTAXIS",1.72973128240004,0.0816881108794846,"GAS6",2.3820999885627,1.29804677482392e-45
"GOBP_DENDRITIC_CELL_CHEMOTAXIS",1.72973128240004,0.0816881108794846,"TRPM2",1.98841488060021,0.294808752535763
"GOBP_DENDRITIC_CELL_CHEMOTAXIS",1.72973128240004,0.0816881108794846,"SPI1",1.69154816507961,0.127530976142912
"GOBP_DENDRITIC_CELL_CHEMOTAXIS",1.72973128240004,0.0816881108794846,"CCR1",1.64885181141693,2.93396851930935e-05
"GOBP_DENDRITIC_CELL_CHEMOTAXIS",1.72973128240004,0.0816881108794846,"CCL5",1.39444639859678,1.56634423173263e-06
"GOBP_DENDRITIC_CELL_CHEMOTAXIS",1.72973128240004,0.0816881108794846,"IL12A",1.3643012640486,0.000125946757771048
"GOBP_DENDRITIC_CELL_CHEMOTAXIS",1.72973128240004,0.0816881108794846,"PIK3CG",1.11904311628526,0.252540303945917
"GOBP_DENDRITIC_CELL_MIGRATION",1.72939157134104,0.0816881108794846,"ARHGEF5",8.26990776029733,3.40892563534353e-114
"GOBP_DENDRITIC_CELL_MIGRATION",1.72939157134104,0.0816881108794846,"CCR7",4.31375801902438,2.3270663701464e-06
"GOBP_DENDRITIC_CELL_MIGRATION",1.72939157134104,0.0816881108794846,"GAS6",2.3820999885627,1.29804677482392e-45
"GOBP_DENDRITIC_CELL_MIGRATION",1.72939157134104,0.0816881108794846,"TRPM2",1.98841488060021,0.294808752535763
"GOBP_DENDRITIC_CELL_MIGRATION",1.72939157134104,0.0816881108794846,"SPI1",1.69154816507961,0.127530976142912
"GOBP_DENDRITIC_CELL_MIGRATION",1.72939157134104,0.0816881108794846,"CCR1",1.64885181141693,2.93396851930935e-05
"GOBP_DENDRITIC_CELL_MIGRATION",1.72939157134104,0.0816881108794846,"ALOX5",1.51063027205575,0.00735328663146946
"GOBP_DENDRITIC_CELL_MIGRATION",1.72939157134104,0.0816881108794846,"CCL5",1.39444639859678,1.56634423173263e-06
"GOBP_DENDRITIC_CELL_MIGRATION",1.72939157134104,0.0816881108794846,"IL12A",1.3643012640486,0.000125946757771048
"GOBP_DENDRITIC_CELL_MIGRATION",1.72939157134104,0.0816881108794846,"PIK3CG",1.11904311628526,0.252540303945917
"GOBP_DENDRITIC_CELL_MIGRATION",1.72939157134104,0.0816881108794846,"NLRP12",1.10589662426786,0.598634478062246
"GOBP_FOCAL_ADHESION_ASSEMBLY",-1.55070402538945,0.0816881108794846,"THBS1",-5.16471413946792,0
"GOBP_FOCAL_ADHESION_ASSEMBLY",-1.55070402538945,0.0816881108794846,"CDH11",-3.51266605280108,1.84652099612702e-194
"GOBP_FOCAL_ADHESION_ASSEMBLY",-1.55070402538945,0.0816881108794846,"AJUBA",-3.30499069168193,2.31864857416459e-125
"GOBP_FOCAL_ADHESION_ASSEMBLY",-1.55070402538945,0.0816881108794846,"EPHA3",-3.15926590086563,1.5599374742183e-148
"GOBP_FOCAL_ADHESION_ASSEMBLY",-1.55070402538945,0.0816881108794846,"LIMCH1",-3.1060039256628,3.32694622750626e-149
"GOBP_FOCAL_ADHESION_ASSEMBLY",-1.55070402538945,0.0816881108794846,"VEGFA",-2.21874261636616,4.64691965500033e-63
"GOBP_FOCAL_ADHESION_ASSEMBLY",-1.55070402538945,0.0816881108794846,"PTPRK",-2.19224173975252,1.78358748022065e-66
"GOBP_FOCAL_ADHESION_ASSEMBLY",-1.55070402538945,0.0816881108794846,"SDC4",-1.71931164630496,2.70043276572579e-33
"GOBP_FOCAL_ADHESION_ASSEMBLY",-1.55070402538945,0.0816881108794846,"NRP1",-1.70287836120004,1.2636777817167e-49
"GOBP_FOCAL_ADHESION_ASSEMBLY",-1.55070402538945,0.0816881108794846,"SORBS1",-1.59959498813294,6.93438770274479e-34
"GOBP_FOCAL_ADHESION_ASSEMBLY",-1.55070402538945,0.0816881108794846,"DUSP3",-1.56952449088774,4.35844206484197e-30
"GOBP_FOCAL_ADHESION_ASSEMBLY",-1.55070402538945,0.0816881108794846,"TRIP6",-1.56810853381815,3.90311528766236e-19
"GOBP_FOCAL_ADHESION_ASSEMBLY",-1.55070402538945,0.0816881108794846,"MMP14",-1.42341006552546,1.91381872159422e-25
"GOBP_FOCAL_ADHESION_ASSEMBLY",-1.55070402538945,0.0816881108794846,"THY1",-1.39209380592993,3.76750299803932e-20
"GOBP_FOCAL_ADHESION_ASSEMBLY",-1.55070402538945,0.0816881108794846,"SFRP1",-1.35636149456363,1.27386241388775e-24
"GOBP_FOCAL_ADHESION_ASSEMBLY",-1.55070402538945,0.0816881108794846,"ACTN1",-1.33748767317466,7.78042920392032e-30
"GOBP_FOCAL_ADHESION_ASSEMBLY",-1.55070402538945,0.0816881108794846,"FERMT2",-1.28471017781155,1.28974619360147e-14
"GOBP_FOCAL_ADHESION_ASSEMBLY",-1.55070402538945,0.0816881108794846,"PHLDB2",-1.20322591151744,2.32142808152156e-15
"GOBP_FOCAL_ADHESION_ASSEMBLY",-1.55070402538945,0.0816881108794846,"ITGA2",-1.14247579466725,5.40213269234652e-19
"GOBP_FOCAL_ADHESION_ASSEMBLY",-1.55070402538945,0.0816881108794846,"STON1",-1.10724470934379,2.79679722637719e-11
"GOBP_FOCAL_ADHESION_ASSEMBLY",-1.55070402538945,0.0816881108794846,"ARHGAP6",-1.07010580890964,0.0065774861277945
"GOBP_FOCAL_ADHESION_ASSEMBLY",-1.55070402538945,0.0816881108794846,"S100A10",-1.02370002357237,2.12066617413295e-08
"GOBP_FOCAL_ADHESION_ASSEMBLY",-1.55070402538945,0.0816881108794846,"COL16A1",-0.934785147353433,0.000128963178608847
"GOBP_FOCAL_ADHESION_ASSEMBLY",-1.55070402538945,0.0816881108794846,"SMAD3",-0.914075611738659,2.91147300653081e-14
"GOBP_FOCAL_ADHESION_ASSEMBLY",-1.55070402538945,0.0816881108794846,"LIMS1",-0.879220079871686,1.07684795485845e-09
"GOBP_POSITIVE_REGULATION_OF_BLOOD_VESSEL_ENDOTHELIAL_CELL_MIGRATION",-1.61777273766407,0.0816881108794846,"THBS1",-5.16471413946792,0
"GOBP_POSITIVE_REGULATION_OF_BLOOD_VESSEL_ENDOTHELIAL_CELL_MIGRATION",-1.61777273766407,0.0816881108794846,"RHOJ",-3.58499891694571,1.37907982980205e-105
"GOBP_POSITIVE_REGULATION_OF_BLOOD_VESSEL_ENDOTHELIAL_CELL_MIGRATION",-1.61777273766407,0.0816881108794846,"VEGFC",-3.23492483525408,2.2587244130984e-40
"GOBP_POSITIVE_REGULATION_OF_BLOOD_VESSEL_ENDOTHELIAL_CELL_MIGRATION",-1.61777273766407,0.0816881108794846,"PRKD1",-2.96893802822791,6.61689032842727e-105
"GOBP_POSITIVE_REGULATION_OF_BLOOD_VESSEL_ENDOTHELIAL_CELL_MIGRATION",-1.61777273766407,0.0816881108794846,"TMSB4X",-2.95816788923507,1.99218731277703e-12
"GOBP_POSITIVE_REGULATION_OF_BLOOD_VESSEL_ENDOTHELIAL_CELL_MIGRATION",-1.61777273766407,0.0816881108794846,"ETS1",-2.52250066304808,1.98185565824567e-78
"GOBP_POSITIVE_REGULATION_OF_BLOOD_VESSEL_ENDOTHELIAL_CELL_MIGRATION",-1.61777273766407,0.0816881108794846,"ANXA1",-2.46113953485952,5.01208646388006e-30
"GOBP_POSITIVE_REGULATION_OF_BLOOD_VESSEL_ENDOTHELIAL_CELL_MIGRATION",-1.61777273766407,0.0816881108794846,"AMOT",-2.34036490108262,2.13485616135174e-78
"GOBP_POSITIVE_REGULATION_OF_BLOOD_VESSEL_ENDOTHELIAL_CELL_MIGRATION",-1.61777273766407,0.0816881108794846,"HDAC9",-2.34007634726241,4.25009202733988e-86
"GOBP_POSITIVE_REGULATION_OF_BLOOD_VESSEL_ENDOTHELIAL_CELL_MIGRATION",-1.61777273766407,0.0816881108794846,"VEGFA",-2.21874261636616,4.64691965500033e-63
"GOBP_POSITIVE_REGULATION_OF_BLOOD_VESSEL_ENDOTHELIAL_CELL_MIGRATION",-1.61777273766407,0.0816881108794846,"ANGPT1",-2.08196143987336,4.62469190763532e-19
"GOBP_POSITIVE_REGULATION_OF_BLOOD_VESSEL_ENDOTHELIAL_CELL_MIGRATION",-1.61777273766407,0.0816881108794846,"PLK2",-1.93707086403495,8.10065149199085e-39
"GOBP_POSITIVE_REGULATION_OF_BLOOD_VESSEL_ENDOTHELIAL_CELL_MIGRATION",-1.61777273766407,0.0816881108794846,"MIR221",-1.7576843465765,1.31604223792563e-05
"GOBP_POSITIVE_REGULATION_OF_BLOOD_VESSEL_ENDOTHELIAL_CELL_MIGRATION",-1.61777273766407,0.0816881108794846,"NRP1",-1.70287836120004,1.2636777817167e-49
"GOBP_POSITIVE_REGULATION_OF_BLOOD_VESSEL_ENDOTHELIAL_CELL_MIGRATION",-1.61777273766407,0.0816881108794846,"MIR30A",-1.69114950990039,0.179167872806551
"GOBP_POSITIVE_REGULATION_OF_BLOOD_VESSEL_ENDOTHELIAL_CELL_MIGRATION",-1.61777273766407,0.0816881108794846,"SRPX2",-1.63070386215372,1.6740868773151e-14
"GOBP_POSITIVE_REGULATION_OF_BLOOD_VESSEL_ENDOTHELIAL_CELL_MIGRATION",-1.61777273766407,0.0816881108794846,"HSPB1",-1.60640320987021,6.40857374582644e-29
"GOBP_POSITIVE_REGULATION_OF_BLOOD_VESSEL_ENDOTHELIAL_CELL_MIGRATION",-1.61777273766407,0.0816881108794846,"HMOX1",-1.39156728134048,5.36708886161283e-14
"GOBP_POSITIVE_REGULATION_OF_BLOOD_VESSEL_ENDOTHELIAL_CELL_MIGRATION",-1.61777273766407,0.0816881108794846,"PTGS2",-1.3815697091057,0.355071010267589
"GOBP_POSITIVE_REGULATION_OF_BLOOD_VESSEL_ENDOTHELIAL_CELL_MIGRATION",-1.61777273766407,0.0816881108794846,"MIR10B",-1.36104179905856,0.0792639710997941
"GOBP_POSITIVE_REGULATION_OF_BLOOD_VESSEL_ENDOTHELIAL_CELL_MIGRATION",-1.61777273766407,0.0816881108794846,"FGF2",-1.20606297814764,4.31673327261947e-22
"GOBP_POSITIVE_REGULATION_OF_BLOOD_VESSEL_ENDOTHELIAL_CELL_MIGRATION",-1.61777273766407,0.0816881108794846,"MIR210",-1.19143003973176,0.24270705824582
"GOBP_POSITIVE_REGULATION_OF_BLOOD_VESSEL_ENDOTHELIAL_CELL_MIGRATION",-1.61777273766407,0.0816881108794846,"HMGB1",-1.11691287853039,0.0146736624471418
"GOBP_POSITIVE_REGULATION_OF_CELL_SUBSTRATE_ADHESION",-1.47510600797318,0.0816881108794846,"CCN1",-7.58217516754692,2.48648936860275e-184
"GOBP_POSITIVE_REGULATION_OF_CELL_SUBSTRATE_ADHESION",-1.47510600797318,0.0816881108794846,"DAB2",-4.75916780426494,3.62467344947086e-153
"GOBP_POSITIVE_REGULATION_OF_CELL_SUBSTRATE_ADHESION",-1.47510600797318,0.0816881108794846,"ITGB3",-4.24773261828121,2.94707693785138e-230
"GOBP_POSITIVE_REGULATION_OF_CELL_SUBSTRATE_ADHESION",-1.47510600797318,0.0816881108794846,"ABI3BP",-3.92593960471013,1.71327769923472e-200
"GOBP_POSITIVE_REGULATION_OF_CELL_SUBSTRATE_ADHESION",-1.47510600797318,0.0816881108794846,"COL8A1",-3.6564954861073,1.10621260980863e-82
"GOBP_POSITIVE_REGULATION_OF_CELL_SUBSTRATE_ADHESION",-1.47510600797318,0.0816881108794846,"NDNF",-3.05974949648088,1.51311450628741e-15
"GOBP_POSITIVE_REGULATION_OF_CELL_SUBSTRATE_ADHESION",-1.47510600797318,0.0816881108794846,"DOCK1",-2.60720633264655,1.25521458925796e-82
"GOBP_POSITIVE_REGULATION_OF_CELL_SUBSTRATE_ADHESION",-1.47510600797318,0.0816881108794846,"FN1",-2.51778637847426,2.59161713560113e-84
"GOBP_POSITIVE_REGULATION_OF_CELL_SUBSTRATE_ADHESION",-1.47510600797318,0.0816881108794846,"CDK6",-2.50416652567573,5.2950036925613e-94
"GOBP_POSITIVE_REGULATION_OF_CELL_SUBSTRATE_ADHESION",-1.47510600797318,0.0816881108794846,"RIN2",-2.35208958768779,5.02842115684272e-61
"GOBP_POSITIVE_REGULATION_OF_CELL_SUBSTRATE_ADHESION",-1.47510600797318,0.0816881108794846,"CCDC80",-2.34334935766562,1.73043385340658e-60
"GOBP_POSITIVE_REGULATION_OF_CELL_SUBSTRATE_ADHESION",-1.47510600797318,0.0816881108794846,"CD36",-2.27985808946027,4.21974463846323e-05
"GOBP_POSITIVE_REGULATION_OF_CELL_SUBSTRATE_ADHESION",-1.47510600797318,0.0816881108794846,"VEGFA",-2.21874261636616,4.64691965500033e-63
"GOBP_POSITIVE_REGULATION_OF_CELL_SUBSTRATE_ADHESION",-1.47510600797318,0.0816881108794846,"EMP2",-2.20170279455352,6.65006416677475e-40
"GOBP_POSITIVE_REGULATION_OF_CELL_SUBSTRATE_ADHESION",-1.47510600797318,0.0816881108794846,"RAC3",-2.00030859160283,1.69522089774315e-09
"GOBP_POSITIVE_REGULATION_OF_CELL_SUBSTRATE_ADHESION",-1.47510600797318,0.0816881108794846,"MYADM",-1.77170868554818,2.13297231631144e-37
"GOBP_POSITIVE_REGULATION_OF_CELL_SUBSTRATE_ADHESION",-1.47510600797318,0.0816881108794846,"SDC4",-1.71931164630496,2.70043276572579e-33
"GOBP_POSITIVE_REGULATION_OF_CELL_SUBSTRATE_ADHESION",-1.47510600797318,0.0816881108794846,"NRP1",-1.70287836120004,1.2636777817167e-49
"GOBP_POSITIVE_REGULATION_OF_CELL_SUBSTRATE_ADHESION",-1.47510600797318,0.0816881108794846,"HAS2",-1.64387235215349,1.67585006751067e-29
"GOBP_POSITIVE_REGULATION_OF_CELL_SUBSTRATE_ADHESION",-1.47510600797318,0.0816881108794846,"PLEKHA2",-1.58706625670174,7.45483548480844e-35
"GOBP_POSITIVE_REGULATION_OF_CELL_SUBSTRATE_ADHESION",-1.47510600797318,0.0816881108794846,"FBLN1",-1.53655109648219,2.12318043207845e-16
"GOBP_POSITIVE_REGULATION_OF_CELL_SUBSTRATE_ADHESION",-1.47510600797318,0.0816881108794846,"TRIOBP",-1.52609539007947,1.88229241810948e-26
"GOBP_POSITIVE_REGULATION_OF_CELL_SUBSTRATE_ADHESION",-1.47510600797318,0.0816881108794846,"FOXF1",-1.48042557740564,0.0453690654280987
"GOBP_POSITIVE_REGULATION_OF_CELL_SUBSTRATE_ADHESION",-1.47510600797318,0.0816881108794846,"THY1",-1.39209380592993,3.76750299803932e-20
"GOBP_POSITIVE_REGULATION_OF_CELL_SUBSTRATE_ADHESION",-1.47510600797318,0.0816881108794846,"SFRP1",-1.35636149456363,1.27386241388775e-24
"GOBP_POSITIVE_REGULATION_OF_CELL_SUBSTRATE_ADHESION",-1.47510600797318,0.0816881108794846,"FERMT2",-1.28471017781155,1.28974619360147e-14
"GOBP_POSITIVE_REGULATION_OF_CELL_SUBSTRATE_ADHESION",-1.47510600797318,0.0816881108794846,"ITGA3",-1.27930839790344,6.1626807053987e-28
"GOBP_POSITIVE_REGULATION_OF_CELL_SUBSTRATE_ADHESION",-1.47510600797318,0.0816881108794846,"CDH13",-1.24650493120436,5.3062762559146e-16
"GOBP_POSITIVE_REGULATION_OF_CELL_SUBSTRATE_ADHESION",-1.47510600797318,0.0816881108794846,"FUT1",-1.19282710049759,0.0175039854626593
"GOBP_POSITIVE_REGULATION_OF_CELL_SUBSTRATE_ADHESION",-1.47510600797318,0.0816881108794846,"CX3CL1",-1.13714964669186,5.28035709726107e-16
"GOBP_POSITIVE_REGULATION_OF_CELL_SUBSTRATE_ADHESION",-1.47510600797318,0.0816881108794846,"EGFLAM",-1.12253583052472,0.304088719053589
"GOBP_POSITIVE_REGULATION_OF_CELL_SUBSTRATE_ADHESION",-1.47510600797318,0.0816881108794846,"CSF1",-1.10585592740607,2.70529539998132e-19
"GOBP_POSITIVE_REGULATION_OF_CELL_SUBSTRATE_ADHESION",-1.47510600797318,0.0816881108794846,"DOCK5",-1.07875124929209,4.5900205949956e-14
"GOBP_POSITIVE_REGULATION_OF_CELL_SUBSTRATE_ADHESION",-1.47510600797318,0.0816881108794846,"UTRN",-1.04874394267944,4.30389709813013e-16
"GOBP_POSITIVE_REGULATION_OF_CELL_SUBSTRATE_ADHESION",-1.47510600797318,0.0816881108794846,"S100A10",-1.02370002357237,2.12066617413295e-08
"GOBP_POSITIVE_REGULATION_OF_CELL_SUBSTRATE_ADHESION",-1.47510600797318,0.0816881108794846,"HACD1",-1.01105807847156,0.00786547609938495
"GOBP_POSITIVE_REGULATION_OF_CELL_SUBSTRATE_ADHESION",-1.47510600797318,0.0816881108794846,"EDIL3",-0.955502730524744,5.33433857935181e-10
"GOBP_POSITIVE_REGULATION_OF_CELL_SUBSTRATE_ADHESION",-1.47510600797318,0.0816881108794846,"COL16A1",-0.934785147353433,0.000128963178608847
"GOBP_POSITIVE_REGULATION_OF_CELL_SUBSTRATE_ADHESION",-1.47510600797318,0.0816881108794846,"SMAD3",-0.914075611738659,2.91147300653081e-14
"GOBP_REGULATION_OF_CELL_MIGRATION_INVOLVED_IN_SPROUTING_ANGIOGENESIS",-1.63879039690851,0.0816881108794846,"THBS1",-5.16471413946792,0
"GOBP_REGULATION_OF_CELL_MIGRATION_INVOLVED_IN_SPROUTING_ANGIOGENESIS",-1.63879039690851,0.0816881108794846,"RHOJ",-3.58499891694571,1.37907982980205e-105
"GOBP_REGULATION_OF_CELL_MIGRATION_INVOLVED_IN_SPROUTING_ANGIOGENESIS",-1.63879039690851,0.0816881108794846,"STARD13",-2.56581001892774,3.84776872973153e-62
"GOBP_REGULATION_OF_CELL_MIGRATION_INVOLVED_IN_SPROUTING_ANGIOGENESIS",-1.63879039690851,0.0816881108794846,"ANXA1",-2.46113953485952,5.01208646388006e-30
"GOBP_REGULATION_OF_CELL_MIGRATION_INVOLVED_IN_SPROUTING_ANGIOGENESIS",-1.63879039690851,0.0816881108794846,"MIR2355",-2.43760234033078,0.000206939381627399
"GOBP_REGULATION_OF_CELL_MIGRATION_INVOLVED_IN_SPROUTING_ANGIOGENESIS",-1.63879039690851,0.0816881108794846,"HDAC9",-2.34007634726241,4.25009202733988e-86
"GOBP_REGULATION_OF_CELL_MIGRATION_INVOLVED_IN_SPROUTING_ANGIOGENESIS",-1.63879039690851,0.0816881108794846,"VEGFA",-2.21874261636616,4.64691965500033e-63
"GOBP_REGULATION_OF_CELL_MIGRATION_INVOLVED_IN_SPROUTING_ANGIOGENESIS",-1.63879039690851,0.0816881108794846,"PLK2",-1.93707086403495,8.10065149199085e-39
"GOBP_REGULATION_OF_CELL_MIGRATION_INVOLVED_IN_SPROUTING_ANGIOGENESIS",-1.63879039690851,0.0816881108794846,"MIR221",-1.7576843465765,1.31604223792563e-05
"GOBP_REGULATION_OF_CELL_MIGRATION_INVOLVED_IN_SPROUTING_ANGIOGENESIS",-1.63879039690851,0.0816881108794846,"NRP1",-1.70287836120004,1.2636777817167e-49
"GOBP_REGULATION_OF_CELL_MIGRATION_INVOLVED_IN_SPROUTING_ANGIOGENESIS",-1.63879039690851,0.0816881108794846,"SRPX2",-1.63070386215372,1.6740868773151e-14
"GOBP_REGULATION_OF_CELL_MIGRATION_INVOLVED_IN_SPROUTING_ANGIOGENESIS",-1.63879039690851,0.0816881108794846,"SPRED1",-1.45208170178637,1.91622551915107e-31
"GOBP_REGULATION_OF_CELL_MIGRATION_INVOLVED_IN_SPROUTING_ANGIOGENESIS",-1.63879039690851,0.0816881108794846,"HMOX1",-1.39156728134048,5.36708886161283e-14
"GOBP_REGULATION_OF_CELL_MIGRATION_INVOLVED_IN_SPROUTING_ANGIOGENESIS",-1.63879039690851,0.0816881108794846,"PTGS2",-1.3815697091057,0.355071010267589
"GOBP_REGULATION_OF_CELL_MIGRATION_INVOLVED_IN_SPROUTING_ANGIOGENESIS",-1.63879039690851,0.0816881108794846,"MIR10B",-1.36104179905856,0.0792639710997941
"GOBP_REGULATION_OF_CELL_MIGRATION_INVOLVED_IN_SPROUTING_ANGIOGENESIS",-1.63879039690851,0.0816881108794846,"FGF2",-1.20606297814764,4.31673327261947e-22
"GOBP_REGULATION_OF_CELL_MIGRATION_INVOLVED_IN_SPROUTING_ANGIOGENESIS",-1.63879039690851,0.0816881108794846,"TBXA2R",-1.20006094447352,1.4450042516171e-06
"GOBP_REGULATION_OF_CELL_MIGRATION_INVOLVED_IN_SPROUTING_ANGIOGENESIS",-1.63879039690851,0.0816881108794846,"CARD10",-1.03698860941304,7.47125418825769e-08
"GOBP_REGULATION_OF_CELL_MIGRATION_INVOLVED_IN_SPROUTING_ANGIOGENESIS",-1.63879039690851,0.0816881108794846,"HDAC7",-1.00611334407494,2.18342596459228e-12
"GOBP_SMOOTH_MUSCLE_CELL_MIGRATION",-1.60650950822026,0.0816881108794846,"IGFBP5",-5.72505377078695,0
"GOBP_SMOOTH_MUSCLE_CELL_MIGRATION",-1.60650950822026,0.0816881108794846,"PARVA",-5.13370211651562,8.32659477609049e-191
"GOBP_SMOOTH_MUSCLE_CELL_MIGRATION",-1.60650950822026,0.0816881108794846,"DDR2",-4.52405488046812,8.7128848639006e-284
"GOBP_SMOOTH_MUSCLE_CELL_MIGRATION",-1.60650950822026,0.0816881108794846,"ITGB3",-4.24773261828121,2.94707693785138e-230
"GOBP_SMOOTH_MUSCLE_CELL_MIGRATION",-1.60650950822026,0.0816881108794846,"IGFBP3",-3.6914073879696,6.23368607481849e-59
"GOBP_SMOOTH_MUSCLE_CELL_MIGRATION",-1.60650950822026,0.0816881108794846,"TACR1",-3.52753029280769,4.51729044646604e-113
"GOBP_SMOOTH_MUSCLE_CELL_MIGRATION",-1.60650950822026,0.0816881108794846,"SORL1",-2.95239903492511,2.85094774693956e-92
"GOBP_SMOOTH_MUSCLE_CELL_MIGRATION",-1.60650950822026,0.0816881108794846,"TPM1",-2.06636952634976,2.40646339077541e-56
"GOBP_SMOOTH_MUSCLE_CELL_MIGRATION",-1.60650950822026,0.0816881108794846,"DOCK7",-2.03626535714654,1.51802751879691e-61
"GOBP_SMOOTH_MUSCLE_CELL_MIGRATION",-1.60650950822026,0.0816881108794846,"GSTP1",-1.94230762638385,5.97305619023728e-26
"GOBP_SMOOTH_MUSCLE_CELL_MIGRATION",-1.60650950822026,0.0816881108794846,"FAT1",-1.85340745148586,3.89971264095426e-53
"GOBP_SMOOTH_MUSCLE_CELL_MIGRATION",-1.60650950822026,0.0816881108794846,"MIR221",-1.7576843465765,1.31604223792563e-05
"GOBP_SMOOTH_MUSCLE_CELL_MIGRATION",-1.60650950822026,0.0816881108794846,"NRP1",-1.70287836120004,1.2636777817167e-49
"GOBP_SMOOTH_MUSCLE_CELL_MIGRATION",-1.60650950822026,0.0816881108794846,"SLIT2",-1.66905540272956,4.55501707309113e-44
"GOBP_SMOOTH_MUSCLE_CELL_MIGRATION",-1.60650950822026,0.0816881108794846,"MIR218-1",-1.66737982226049,0.0282084653461314
"GOBP_SMOOTH_MUSCLE_CELL_MIGRATION",-1.60650950822026,0.0816881108794846,"HAS2",-1.64387235215349,1.67585006751067e-29
"REACTOME_COLLAGEN_CHAIN_TRIMERIZATION",-1.69631549792425,0.0816881108794846,"COL11A1",-5.97911231595359,0
"REACTOME_COLLAGEN_CHAIN_TRIMERIZATION",-1.69631549792425,0.0816881108794846,"COL21A1",-4.2351221948193,7.37024584904564e-102
"REACTOME_COLLAGEN_CHAIN_TRIMERIZATION",-1.69631549792425,0.0816881108794846,"COL8A1",-3.6564954861073,1.10621260980863e-82
"REACTOME_COLLAGEN_CHAIN_TRIMERIZATION",-1.69631549792425,0.0816881108794846,"COL5A2",-3.25000987079925,3.51071821202547e-108
"REACTOME_COLLAGEN_CHAIN_TRIMERIZATION",-1.69631549792425,0.0816881108794846,"COL12A1",-3.12431620296627,5.82362331312125e-121
"REACTOME_COLLAGEN_CHAIN_TRIMERIZATION",-1.69631549792425,0.0816881108794846,"COL1A2",-2.41314459203315,4.074778855906e-85
"REACTOME_COLLAGEN_CHAIN_TRIMERIZATION",-1.69631549792425,0.0816881108794846,"COL5A1",-2.06127172205798,2.53064541586658e-59
"REACTOME_COLLAGEN_CHAIN_TRIMERIZATION",-1.69631549792425,0.0816881108794846,"COL14A1",-2.00617330847682,1.96181673609466e-48
"REACTOME_COLLAGEN_CHAIN_TRIMERIZATION",-1.69631549792425,0.0816881108794846,"COL4A6",-1.98289613985716,4.55229541560113e-32
"REACTOME_COLLAGEN_CHAIN_TRIMERIZATION",-1.69631549792425,0.0816881108794846,"COL4A2",-1.84703012684067,4.13981133297511e-50
"REACTOME_COLLAGEN_CHAIN_TRIMERIZATION",-1.69631549792425,0.0816881108794846,"COL4A1",-1.76638971877568,2.62218697482496e-34
"REACTOME_COLLAGEN_CHAIN_TRIMERIZATION",-1.69631549792425,0.0816881108794846,"COL4A4",-1.57807739632857,1.93753101933788e-05
"REACTOME_COLLAGEN_CHAIN_TRIMERIZATION",-1.69631549792425,0.0816881108794846,"COL5A3",-1.49568002046231,0.272558555404209
"REACTOME_COLLAGEN_CHAIN_TRIMERIZATION",-1.69631549792425,0.0816881108794846,"COL27A1",-1.41091461696814,3.25511228645922e-21
"REACTOME_ASSEMBLY_OF_COLLAGEN_FIBRILS_AND_OTHER_MULTIMERIC_STRUCTURES",-1.65529151111128,0.082346080051335,"COL11A1",-5.97911231595359,0
"REACTOME_ASSEMBLY_OF_COLLAGEN_FIBRILS_AND_OTHER_MULTIMERIC_STRUCTURES",-1.65529151111128,0.082346080051335,"COL8A1",-3.6564954861073,1.10621260980863e-82
"REACTOME_ASSEMBLY_OF_COLLAGEN_FIBRILS_AND_OTHER_MULTIMERIC_STRUCTURES",-1.65529151111128,0.082346080051335,"ITGB4",-3.63919859917277,3.70200440361704e-156
"REACTOME_ASSEMBLY_OF_COLLAGEN_FIBRILS_AND_OTHER_MULTIMERIC_STRUCTURES",-1.65529151111128,0.082346080051335,"COL5A2",-3.25000987079925,3.51071821202547e-108
"REACTOME_ASSEMBLY_OF_COLLAGEN_FIBRILS_AND_OTHER_MULTIMERIC_STRUCTURES",-1.65529151111128,0.082346080051335,"COL12A1",-3.12431620296627,5.82362331312125e-121
"REACTOME_ASSEMBLY_OF_COLLAGEN_FIBRILS_AND_OTHER_MULTIMERIC_STRUCTURES",-1.65529151111128,0.082346080051335,"LOXL1",-3.0496787515824,7.94249278672063e-50
"REACTOME_ASSEMBLY_OF_COLLAGEN_FIBRILS_AND_OTHER_MULTIMERIC_STRUCTURES",-1.65529151111128,0.082346080051335,"LOXL2",-2.51922739608152,2.51617302894585e-58
"REACTOME_ASSEMBLY_OF_COLLAGEN_FIBRILS_AND_OTHER_MULTIMERIC_STRUCTURES",-1.65529151111128,0.082346080051335,"COL1A2",-2.41314459203315,4.074778855906e-85
"REACTOME_ASSEMBLY_OF_COLLAGEN_FIBRILS_AND_OTHER_MULTIMERIC_STRUCTURES",-1.65529151111128,0.082346080051335,"COL5A1",-2.06127172205798,2.53064541586658e-59
"REACTOME_ASSEMBLY_OF_COLLAGEN_FIBRILS_AND_OTHER_MULTIMERIC_STRUCTURES",-1.65529151111128,0.082346080051335,"COL14A1",-2.00617330847682,1.96181673609466e-48
"REACTOME_ASSEMBLY_OF_COLLAGEN_FIBRILS_AND_OTHER_MULTIMERIC_STRUCTURES",-1.65529151111128,0.082346080051335,"COL4A6",-1.98289613985716,4.55229541560113e-32
"REACTOME_ASSEMBLY_OF_COLLAGEN_FIBRILS_AND_OTHER_MULTIMERIC_STRUCTURES",-1.65529151111128,0.082346080051335,"COL4A2",-1.84703012684067,4.13981133297511e-50
"REACTOME_ASSEMBLY_OF_COLLAGEN_FIBRILS_AND_OTHER_MULTIMERIC_STRUCTURES",-1.65529151111128,0.082346080051335,"CTSL",-1.84505177312833,4.90046062752456e-17
"REACTOME_ASSEMBLY_OF_COLLAGEN_FIBRILS_AND_OTHER_MULTIMERIC_STRUCTURES",-1.65529151111128,0.082346080051335,"COL4A1",-1.76638971877568,2.62218697482496e-34
"REACTOME_ASSEMBLY_OF_COLLAGEN_FIBRILS_AND_OTHER_MULTIMERIC_STRUCTURES",-1.65529151111128,0.082346080051335,"LOX",-1.64185285649426,1.2660405673323e-16
"REACTOME_ASSEMBLY_OF_COLLAGEN_FIBRILS_AND_OTHER_MULTIMERIC_STRUCTURES",-1.65529151111128,0.082346080051335,"COL4A4",-1.57807739632857,1.93753101933788e-05
"REACTOME_ASSEMBLY_OF_COLLAGEN_FIBRILS_AND_OTHER_MULTIMERIC_STRUCTURES",-1.65529151111128,0.082346080051335,"PXDN",-1.52116804831424,3.64132457406068e-30
"REACTOME_ASSEMBLY_OF_COLLAGEN_FIBRILS_AND_OTHER_MULTIMERIC_STRUCTURES",-1.65529151111128,0.082346080051335,"COL5A3",-1.49568002046231,0.272558555404209
"REACTOME_ASSEMBLY_OF_COLLAGEN_FIBRILS_AND_OTHER_MULTIMERIC_STRUCTURES",-1.65529151111128,0.082346080051335,"CD151",-1.49556206624072,1.37853166489957e-17
"REACTOME_ASSEMBLY_OF_COLLAGEN_FIBRILS_AND_OTHER_MULTIMERIC_STRUCTURES",-1.65529151111128,0.082346080051335,"COL27A1",-1.41091461696814,3.25511228645922e-21
"REACTOME_ASSEMBLY_OF_COLLAGEN_FIBRILS_AND_OTHER_MULTIMERIC_STRUCTURES",-1.65529151111128,0.082346080051335,"DST",-1.28647351697666,6.53229112711348e-25
"REACTOME_ASSEMBLY_OF_COLLAGEN_FIBRILS_AND_OTHER_MULTIMERIC_STRUCTURES",-1.65529151111128,0.082346080051335,"LOXL3",-1.24280403419749,2.26146696318932e-15
