"ID","Description","setSize","enrichmentScore","NES","pvalue","p.adjust","qvalue","rank","leading_edge","core_enrichment"
"TBK1.DF_DN","TBK1.DF_DN",281,-0.692112099048683,-1.5712767140335,1.57260119477299e-05,0.0029407642342255,0.00251616191163679,2332,"tags=28%, list=10%, signal=25%","7443/8202/8439/55279/622/7094/6256/163486/79717/8575/26298/55159/3987/4155/9360/8050/55038/949/8502/54908/114876/10640/84726/23137/1287/64864/595/51141/57698/4646/4507/9169/8436/3673/28996/10020/10165/55893/9928/79980/22936/29110/56937/84864/51133/55601/10142/55500/23376/4750/54680/8609/8204/51449/1282/59339/59338/11130/55320/26064/1525/5270/4001/80143/55364/22943/23468/11127/8777/3008/55214/1021/1290/3006/8364/10512/3007/7057"
"ESC_V6.5_UP_EARLY.V1_DN","ESC_V6.5_UP_EARLY.V1_DN",151,-0.744562987085495,-1.62405639500471,5.56639152694747e-05,0.00520457607769589,0.00445311322155798,1518,"tags=25%, list=7%, signal=24%","20/84617/2191/3371/960/4015/602/306/4071/8436/5087/79026/2247/2950/301/7077/26118/81930/11135/1282/558/2997/284119/4016/1284/5376/51313/3486/4054/151887/1278/857/1465/800/3491/55742/1490/1301"
"CORDENONSI_YAP_CONSERVED_SIGNATURE","CORDENONSI_YAP_CONSERVED_SIGNATURE",55,-0.83398033592949,-1.65222442103136,0.000128166973636222,0.00798907468999119,0.00683557192726519,1055,"tags=45%, list=5%, signal=43%","8436/1063/2247/23576/3161/2013/1894/9353/11167/558/51232/5376/7083/991/4082/80114/332/79801/10397/7153/1601/3491/1490/7057/51421"
"VEGF_A_UP.V1_DN","VEGF_A_UP.V1_DN",183,-0.721662674141714,-1.59659922307422,0.000175422797282615,0.00820101577296227,0.00701691189130462,2065,"tags=33%, list=9%, signal=30%","1033/7443/8202/9852/10926/10762/687/11177/7103/1719/9360/4173/11051/7090/1164/8318/8754/1058/5255/7045/7025/34/902/9169/3673/390/9133/2627/10733/3835/4323/8975/3161/7112/444/23376/1062/9156/701/699/7424/10615/4001/4131/3569/22943/26278/8829/4683/10403/9493/8341/7272/891/9787/332/6241/23362/9411/3690"
"SIRNA_EIF4GI_DN","SIRNA_EIF4GI_DN",88,-0.78790867495334,-1.63711732929133,0.000311156390727873,0.0116372490132224,0.00995700450329193,1101,"tags=19%, list=5%, signal=18%","6747/990/6347/63901/4615/1317/8767/4734/11167/114897/8350/5376/4017/26128/79801/5915/1009"
"BCAT_BILD_ET_AL_DN","BCAT_BILD_ET_AL_DN",46,-0.821169835656444,-1.59179626890546,0.00211388586290478,0.0658827760605324,0.0563702896774609,1536,"tags=30%, list=7%, signal=28%","6426/6464/7128/57688/100132406/5744/23167/90627/5591/9462/3556/6653/114884/9411"
"PRC2_EZH2_UP.V1_DN","PRC2_EZH2_UP.V1_DN",172,-0.676272104927855,-1.48890266971966,0.00300265619586557,0.0749627763142824,0.0641392738517925,1765,"tags=22%, list=8%, signal=20%","7164/2146/8318/6502/25903/79682/3162/22794/79968/81620/8438/1063/22936/993/10460/55388/55635/3161/9760/3037/56992/23213/699/55320/54797/1894/4001/7272/9787/3070/4605/2355/9212/2113/55355/22871/4781/8968"
"EGFR_UP.V1_DN","EGFR_UP.V1_DN",187,-0.663842261974964,-1.47109009057578,0.00320696369258962,0.0749627763142824,0.0641392738517925,2338,"tags=31%, list=10%, signal=28%","23705/9315/3397/622/57396/55729/27295/51071/80303/10874/55159/288/2146/6744/323/4698/4886/22836/79718/8969/79682/55120/90806/51427/84869/2037/22824/4147/83990/7594/51375/10276/50865/55635/55601/4052/8204/3983/51449/79733/5954/8365/11201/54892/51514/2674/8339/23089/8345/6711/8777/8357/8346/3012/58155/8343/3667/3006/857"
"E2F1_UP.V1_DN","E2F1_UP.V1_DN",179,-0.658386117404528,-1.45369118063137,0.00425678785089738,0.0884465920130899,0.0756762284603978,2106,"tags=23%, list=9%, signal=21%","283131/2152/51/4891/6484/10484/5530/115825/4609/323/104/860/4853/10509/355/8436/1435/6347/84947/1374/6925/5310/1545/301/3983/22822/64332/3554/1397/10769/3606/26137/2674/55076/3572/11346/6769/84962/1601/1462/1301"
"LEF1_UP.V1_DN","LEF1_UP.V1_DN",169,-0.656957324719489,-1.44444111555116,0.0063701644660644,0.0999274781480209,0.0854994465437612,2108,"tags=24%, list=9%, signal=22%","1612/80303/54930/23586/57088/26298/7103/2947/54682/288/202/64762/4126/2920/10924/55314/54502/5308/4071/7915/4208/23708/7098/2627/8507/4940/1545/10481/847/56034/8549/5627/3606/5352/7168/83989/64759/6653/8284/22998/1490"
"E2F1_UP.V1_UP","E2F1_UP.V1_UP",184,-0.649215104954476,-1.43738607900549,0.00629362627302895,0.0999274781480209,0.0854994465437612,2205,"tags=23%, list=10%, signal=21%","10926/57697/1755/2926/5925/4173/92154/29089/55690/2146/6541/58516/7163/8502/23649/3839/6453/55696/25819/2237/7301/1111/9663/2068/4664/2627/151648/10733/790/55388/7298/3149/79733/699/4001/7083/9787/7422/9212/3833/675/7153"
"PRC2_EED_DN.V1_DN","PRC2_EED_DN.V1_DN",186,-0.648412439299429,-1.43696948571993,0.00641245849078209,0.0999274781480209,0.0854994465437612,2292,"tags=27%, list=10%, signal=24%","5424/3899/11186/9828/55723/7407/23457/80178/29763/6560/55690/55139/8318/2194/79792/6494/23649/79680/3162/11145/8971/7402/4007/8438/80380/2068/9351/790/5144/10460/55388/3619/80174/701/5210/5365/2026/11245/5347/6319/9493/768/8325/3070/4605/5098/2355/5905/9415/55143"
"GLI1_UP.V1_UP","GLI1_UP.V1_UP",24,0.817149753019269,1.651077510202,0.0104681593486479,0.113320846187748,0.0969590127809608,1271,"tags=17%, list=6%, signal=16%","7465/6449/80173/55527"
"KRAS.LUNG_UP.V1_DN","KRAS.LUNG_UP.V1_DN",103,0.580441146139246,1.487071379656,0.011,0.113320846187748,0.0969590127809608,1262,"tags=15%, list=6%, signal=15%","3866/3868/4804/3860/9935/10076/56603/5896/79703/1028/43/22802/1410/8495/867/79725"
"LTE2_UP.V1_DN","LTE2_UP.V1_DN",186,-0.643153161422949,-1.42531421606843,0.0082445894881484,0.113320846187748,0.0969590127809608,1654,"tags=24%, list=7%, signal=23%","1837/4886/7357/64761/22836/347902/8969/64860/8614/6566/51427/9830/9612/11098/5359/2037/306/4147/4071/7594/3956/467/11031/4940/55601/29968/8204/25939/29761/8365/11201/79365/1265/2674/8829/10486/8339/23089/23236/5796/8357/23657/58155/2202/857"
"GCNP_SHH_UP_LATE.V1_UP","GCNP_SHH_UP_LATE.V1_UP",171,-0.64467883656332,-1.41925301398511,0.0106247834622936,0.113320846187748,0.0969590127809608,2392,"tags=25%, list=10%, signal=23%","1654/51203/7155/5116/54468/9924/57697/9782/3192/4173/1164/58516/6426/23649/27332/4175/11004/64921/1111/122786/151648/6422/993/55388/55233/3619/983/6790/79745/79733/10769/55320/995/51260/7083/837/4017/9787/9212/3833/7153/6241/1462"
"P53_DN.V1_UP","P53_DN.V1_UP",180,-0.640133675227134,-1.41357993579737,0.00977685760294456,0.113320846187748,0.0969590127809608,1655,"tags=27%, list=7%, signal=25%","202/3659/6662/323/8099/7045/27063/3913/1012/7025/23057/4507/3673/3628/7464/29899/6337/9805/7368/329/4052/301/847/6385/23213/8871/3606/1525/9353/51308/558/1956/22943/51232/4016/10403/4082/51196/1278/9734/169611/3012/1268/1756/2202/3691/3491/9249/1009"
"ERBB2_UP.V1_DN","ERBB2_UP.V1_DN",192,-0.63670394792994,-1.41331858927919,0.00868869326626272,0.113320846187748,0.0969590127809608,1972,"tags=24%, list=9%, signal=22%","65986/23586/4609/11103/6744/4886/22836/8754/347902/64860/51427/84869/306/22824/4147/60496/4071/79675/7594/23189/10733/11031/10635/9263/55635/51133/55601/1062/8204/3983/23301/11201/1894/26953/51514/2674/7272/7071/23089/64151/8777/58155/3667/857/10150/9411"
"RAF_UP.V1_DN","RAF_UP.V1_DN",181,-0.634963411441301,-1.4032150336511,0.0117106773823192,0.113320846187748,0.0969590127809608,1682,"tags=23%, list=7%, signal=21%","4430/202/6662/323/8502/4886/5507/22836/26154/5165/8614/6566/22882/595/24140/2037/8706/4071/390/7035/23022/7837/2239/3983/10769/54541/8365/22903/205/22943/2674/8942/5376/23236/8777/4254/58155/3667/857/2820/3488"
"STK33_NOMO_UP","STK33_NOMO_UP",266,-0.603198346844101,-1.3632511896988,0.0121198765976201,0.113320846187748,0.0969590127809608,2110,"tags=23%, list=9%, signal=21%","9915/1612/283131/163486/132789/79717/168455/25780/4891/1326/151011/24145/2791/57561/6041/10135/2920/3162/51128/11015/55026/10333/25943/602/3575/5738/390/64651/5806/10123/9975/6781/2673/51133/444/161742/6385/92689/22822/3554/2034/8829/3572/8942/8339/51313/26128/54453/6482/9839/4254/1389/3176/58155/2/3667/817/23362/84159/1601"
"RB_P107_DN.V1_UP","RB_P107_DN.V1_UP",126,-0.654990423112109,-1.40479200511865,0.0201799173352784,0.150980392156863,0.129181084198385,2036,"tags=22%, list=9%, signal=20%","55723/5371/1719/5982/8318/55120/1017/27286/4175/7283/2237/994/8971/11270/6586/94239/1000/3619/79733/11167/4016/1289/51512/80114/1278/2200/6241/1009"
"CSR_LATE_UP.V1_UP","CSR_LATE_UP.V1_UP",154,-0.635262086665388,-1.38722614519995,0.0199296600234467,0.150980392156863,0.129181084198385,2292,"tags=26%, list=10%, signal=24%","5424/84056/55859/29902/55872/10611/6484/285761/8089/2146/84823/10953/7283/2237/26586/4502/4494/3575/83540/990/3835/1000/81610/983/9123/11130/7424/29128/2997/54443/11065/3486/26128/4605/4233/2305/55143/332/79801/6241"
"PGF_UP.V1_UP","PGF_UP.V1_UP",174,-0.625364032203255,-1.37781865370361,0.0201845444059977,0.150980392156863,0.129181084198385,1991,"tags=20%, list=9%, signal=18%","9823/25780/7103/3964/140890/9360/26036/3091/11037/8754/9988/23012/175/34/9169/3673/9236/9857/8767/10142/4052/23376/4750/221830/23213/2677/9655/2743/26278/10973/3572/134728/1295/5915/1462"
"RPS14_DN.V1_DN","RPS14_DN.V1_DN",178,-0.62289592454653,-1.3745969740875,0.0201520036849378,0.150980392156863,0.129181084198385,2356,"tags=31%, list=10%, signal=28%","4628/5424/3397/56967/55240/116987/7407/55872/10874/347733/1400/119/22837/1183/54821/6470/83461/4194/51659/7283/11004/7021/2022/8706/990/2068/9133/8444/790/79901/1317/25959/55388/55635/3619/29968/1062/56992/221830/9824/9156/79733/2013/79094/1894/5347/9700/7083/9493/222658/991/9787/4605/10112/586/4288"
"E2F3_UP.V1_UP","E2F3_UP.V1_UP",179,0.491240769701669,1.34648730430386,0.0198473282442748,0.150980392156863,0.129181084198385,1915,"tags=20%, list=8%, signal=19%","51655/4038/26577/56548/84915/7074/26033/25907/4884/23462/387763/8739/27346/283554/26996/90378/79683/116236/7483/65055/4324/1028/1959/9435/64858/84206/10656/163933/5426/2643/4277/8851/80139/9401/1633/84451"
"JAK2_DN.V1_UP","JAK2_DN.V1_UP",127,-0.65154320510385,-1.39809343722948,0.0220981058766391,0.158936376881982,0.135988343856241,2213,"tags=18%, list=10%, signal=16%","3899/64122/51310/1003/59/79006/2104/259217/26272/595/51268/7473/9472/1545/79776/1288/3018/5905/4254/1756/2042/3007/1009"
"ATM_DN.V1_DN","ATM_DN.V1_DN",101,-0.663345455570874,-1.39618659760513,0.0285821737495299,0.197958018191189,0.169375844441659,1293,"tags=12%, list=6%, signal=11%","215/56981/1183/5962/29899/10371/416/11069/6482/3691/51050/8358"
"GCNP_SHH_UP_EARLY.V1_UP","GCNP_SHH_UP_EARLY.V1_UP",161,-0.615672553234195,-1.35066577664951,0.0333759739504594,0.21155468630158,0.181009357263384,3229,"tags=31%, list=14%, signal=27%","9055/645638/8505/64225/54995/26225/51582/25896/10772/3842/8028/7072/7095/90120/7155/376497/9782/221937/9672/90231/23456/1719/29089/85415/1164/9113/23047/54908/6426/23649/5500/6464/4175/2237/1111/10293/1435/4673/151648/55388/7298/6790/79745/79733/90826/54443/4017/9212/3833/8777/7153"
"MEK_UP.V1_DN","MEK_UP.V1_DN",181,-0.607841436120614,-1.34327777927307,0.0324913892078071,0.21155468630158,0.181009357263384,1646,"tags=25%, list=7%, signal=23%","6744/323/4886/55768/22836/347902/8969/26154/10924/64860/90806/51427/51141/9871/84869/9830/57698/9716/22824/4071/79675/7594/22834/467/54665/7035/4940/51133/55601/8204/3983/79071/25939/8365/11201/2674/8339/8345/8777/8357/8346/3012/58155/8343/3006"
"HOXA9_DN.V1_DN","HOXA9_DN.V1_DN",179,-0.606306306849679,-1.33870096548074,0.0339392544868845,0.21155468630158,0.181009357263384,1682,"tags=23%, list=7%, signal=22%","4430/8318/7545/22836/6470/10953/79718/55120/55215/3998/79022/8971/4853/81620/2037/6747/8323/6510/990/10276/7915/60485/55893/10733/3676/55388/81539/9918/9824/79071/79733/3992/9837/55076/222658/3070/586/9415/3008/5163/675/8358"
"BCAT.100_UP.V1_DN","BCAT.100_UP.V1_DN",33,-0.764397497724995,-1.4242377843335,0.0443241661790521,0.243782913984786,0.208584311430833,659,"tags=15%, list=3%, signal=15%","11067/7071/65250/55603/3488"
"CSR_LATE_UP.V1_DN","CSR_LATE_UP.V1_DN",140,-0.617283542603571,-1.33848908881886,0.044072226181991,0.243782913984786,0.208584311430833,1296,"tags=17%, list=6%, signal=16%","4311/57698/8436/576/6648/6347/54704/9760/10231/79071/3992/134429/2674/55332/91351/256691/6319/10346/4302/59277/9415/169611/94240/3696"
"MEK_UP.V1_UP","MEK_UP.V1_UP",187,-0.595465649413657,-1.31956590640163,0.0422632000916275,0.243782913984786,0.208584311430833,2210,"tags=27%, list=10%, signal=24%","4059/7408/10186/6558/116987/6484/29763/23406/50515/22978/10610/2052/151011/55690/5734/8910/10979/7045/8714/602/10020/4208/51097/9260/22936/10123/1906/1545/6533/444/7077/23034/2026/26064/1525/25825/112399/2034/1969/4016/81031/23089/9415/23657/64759/6653/1290/404093/22998/3691"
"NFE2L2.V2","NFE2L2.V2",366,-0.546712960407854,-1.25685668858348,0.0415955631399317,0.243782913984786,0.208584311430833,2318,"tags=21%, list=10%, signal=19%","7161/9515/29969/4257/65062/10797/157570/10926/23111/81792/1728/219790/84706/4356/165055/1719/7164/2052/64718/7468/6717/26227/8318/6470/23137/3841/3162/4835/122953/8614/284695/22949/84695/57688/169200/200916/84883/147166/221294/2539/83990/10020/23704/4673/284716/5217/80312/347404/7086/55388/6533/55247/23022/29968/10491/353088/23187/80174/55719/4734/3426/2013/79094/231/55364/3486/501/586/23657/8522/9734/55355/4133/1756/120114/5803/6241/3696"
"CAHOY_OLIGODENDROCUTIC","CAHOY_OLIGODENDROCUTIC",94,-0.646889407667756,-1.35378761776696,0.0525183497848646,0.258445563414992,0.221129893831009,790,"tags=16%, list=3%, signal=15%","25819/11270/7368/79621/23187/10290/79071/1397/5365/11167/8974/8829/85440/55137/1490"
"MTOR_UP.N4.V1_UP","MTOR_UP.N4.V1_UP",186,-0.590168859310164,-1.30789385096794,0.049925569678232,0.258445563414992,0.221129893831009,1859,"tags=21%, list=8%, signal=19%","7436/1875/8050/26227/1789/2582/104/7357/8140/8754/4835/51128/9871/355/306/3575/26973/6510/8566/1051/467/1317/2673/6533/55500/2184/3708/27235/79071/54541/79094/116496/11346/7422/23236/5796/586/23657/2632"
"ERBB2_UP.V1_UP","ERBB2_UP.V1_UP",185,-0.590135877973963,-1.30707535532533,0.0501718213058419,0.258445563414992,0.221129893831009,1821,"tags=26%, list=8%, signal=24%","79006/50515/55619/10610/2052/151011/55690/5734/83464/6662/5507/2258/58473/3913/665/8714/602/9351/51097/1906/5144/1545/6533/5142/444/831/6676/3554/64097/2026/1525/25825/8974/112399/5631/55332/2034/4016/80307/116496/81031/55885/9415/658/10397/22998/1601/3691"
"KRAS.600.LUNG.BREAST_UP.V1_UP","KRAS.600.LUNG.BREAST_UP.V1_UP",213,-0.579802155555114,-1.29376764942745,0.0512385476756023,0.258445563414992,0.221129893831009,2190,"tags=18%, list=10%, signal=16%","25960/3976/347240/5801/3237/4066/202018/2791/9971/2920/7128/26272/11174/1496/80380/3673/6781/7035/10371/160518/80263/10402/3037/89795/54954/5365/330/191585/9353/64084/5396/3486/2113/9734/2/131566/8728/2670"
"EIF4E_DN","EIF4E_DN",96,-0.640740049202502,-1.34291465183836,0.0577020202020202,0.275964678843595,0.236119511310028,2565,"tags=24%, list=11%, signal=21%","718/1213/9520/7976/4628/55749/1075/7318/25966/7163/8754/55023/355/2627/1545/6617/5903/90826/4016/10513/79668/11227/1793"
"MEL18_DN.V1_DN","MEL18_DN.V1_DN",129,-0.614220480841081,-1.32049295425289,0.059029877827507,0.275964678843595,0.236119511310028,2040,"tags=27%, list=9%, signal=25%","80303/9077/10611/219654/6492/5264/11037/79870/5287/55228/28985/23057/1917/6337/55601/5142/10481/23321/23213/9122/3554/8365/1806/7373/55816/23236/55603/3400/8522/2070/2/1756/114884/8633/2042"
"CAHOY_NEURONAL","CAHOY_NEURONAL",68,0.575475733921184,1.38396186742989,0.0630630630630631,0.280780780780781,0.24024024024024,1547,"tags=21%, list=7%, signal=19%","4645/9856/793/1780/7857/90523/57586/3208/84502/816/7087/6812/2039/283209"
"LTE2_UP.V1_UP","LTE2_UP.V1_UP",183,-0.582558769320591,-1.28884714676221,0.06189111747851,0.280780780780781,0.24024024024024,2115,"tags=25%, list=9%, signal=23%","6558/7263/51/55872/79712/26298/10484/50515/10455/4155/2052/151011/5734/23433/5507/694/2631/9867/10979/51141/665/8714/316/1906/23303/1545/444/10090/1827/3554/5627/25825/8974/5631/55332/2034/7083/81031/54453/4082/5236/64759/6653/11163/1601/3488"
"KRAS.600_UP.V1_UP","KRAS.600_UP.V1_UP",228,-0.563943814534806,-1.26336612894754,0.0672861621137483,0.292616565471417,0.250367114841854,1117,"tags=15%, list=5%, signal=14%","23057/1496/3673/23268/8605/5806/10123/6781/7035/10371/7368/80263/10402/3037/8348/4916/23321/10231/89795/7424/51308/114897/8829/64084/3018/55885/1501/6653/28951/2/131566/8728/22998/2670"
"CAHOY_ASTROGLIAL","CAHOY_ASTROGLIAL",88,-0.634615267716236,-1.31860415456478,0.0747830525778458,0.310765129601271,0.265895298054563,2013,"tags=33%, list=9%, signal=30%","152007/718/54558/834/79710/2014/7436/9358/59/26509/1183/3162/84623/11098/4015/355/81621/81788/301/1288/55719/84913/114897/83937/4017/3486/1289/1295/1356"
"AKT_UP_MTOR_DN.V1_DN","AKT_UP_MTOR_DN.V1_DN",173,-0.578585058708401,-1.27446251035079,0.0747749826909762,0.310765129601271,0.265895298054563,1848,"tags=18%, list=8%, signal=17%","7106/6252/2077/10954/2791/5507/8140/9637/6470/6453/4175/5425/54494/355/317649/4071/23708/1903/29968/11201/23024/1806/10486/115207/3012/1290/3667/2202/2200/1462/56975"
"KRAS.LUNG.BREAST_UP.V1_UP","KRAS.LUNG.BREAST_UP.V1_UP",107,-0.614631263169548,-1.29990033490643,0.0834682945060421,0.317298369325694,0.27148523578669,1512,"tags=19%, list=7%, signal=18%","3976/5801/3237/9971/2920/7128/11174/1496/80380/3673/6781/10402/3037/89795/330/64084/3486/2113/2/8728"
"PDGF_ERK_DN.V1_UP","PDGF_ERK_DN.V1_UP",130,-0.597355511262373,-1.28520213236614,0.0844594594594595,0.317298369325694,0.27148523578669,1305,"tags=17%, list=6%, signal=16%","7188/5978/5480/84107/9924/6634/23595/1373/3998/22854/2313/22824/7915/8204/64149/9014/10615/22926/5376/4133/1021/4281"
"ATF2_S_UP.V1_DN","ATF2_S_UP.V1_DN",164,-0.578920259299112,-1.27000076204353,0.0811627906976744,0.317298369325694,0.27148523578669,2108,"tags=25%, list=9%, signal=23%","1612/283131/27295/84612/9672/51279/57088/23235/9358/2121/22837/10610/7090/6424/7163/104/55280/11145/6507/6586/8714/6347/1545/10402/10580/3708/3554/1397/2026/205/9180/4054/115207/658/3556/3400/2/7412/2202/4781/1301"
"EGFR_UP.V1_UP","EGFR_UP.V1_UP",184,-0.571229579814549,-1.26472326302261,0.0803295571575695,0.317298369325694,0.27148523578669,1331,"tags=21%, list=6%, signal=20%","10979/3995/4026/8714/602/3673/316/6347/51097/467/9260/22936/1906/7035/1545/3675/5142/444/6617/1827/22822/3554/23034/1525/25825/112399/1956/55332/2034/55076/4017/23657/64759/2/1290/84159/10150/3491/1490"
"STK33_SKM_UP","STK33_SKM_UP",262,-0.545258434015162,-1.2317661951702,0.0848391361833407,0.317298369325694,0.27148523578669,2010,"tags=22%, list=9%, signal=20%","79717/160418/25780/8349/2014/6252/59/143872/64718/3600/3659/2791/84314/57561/10135/8099/8969/3162/10333/54206/6498/137835/602/171392/10842/9586/390/79739/84947/50804/3956/7035/79901/201895/23022/301/23654/444/22822/64332/10769/8365/8350/8339/3018/8354/8332/8357/23657/4254/4133/3012/84159/3696/8968/8358/56975"
"CSR_EARLY_UP.V1_DN","CSR_EARLY_UP.V1_DN",121,-0.594954382052881,-1.27084793348014,0.0965534099242239,0.354029169722154,0.302912658585801,2553,"tags=25%, list=11%, signal=22%","133/27113/84680/168544/56967/9924/55729/120892/55139/6502/57561/55689/89890/8614/10902/160428/79625/55023/8436/10307/3339/84245/23213/1152/81545/2674/9751/10521/121227/9249"
"JNK_DN.V1_DN","JNK_DN.V1_DN",165,-0.567635785123404,-1.24541442286737,0.101905647222868,0.366468385205313,0.313555837608824,1664,"tags=15%, list=7%, signal=14%","11037/8318/4886/200316/6494/23258/3839/5914/27063/6461/7070/8444/3835/23043/11067/10231/2677/367/7424/4131/5347/11065/23236/2113/10150"
"ESC_J1_UP_EARLY.V1_UP","ESC_J1_UP_EARLY.V1_UP",150,-0.574039372185141,-1.25061590249518,0.106415538552089,0.375466145457372,0.321254456006308,2274,"tags=19%, list=10%, signal=18%","56967/4337/58488/5925/7067/6764/9572/5734/3600/53834/23414/55768/79022/5295/10194/6146/7464/6337/84532/6781/5033/4751/5270/8974/4017/28951/10397/1601/143686"
"IL21_UP.V1_UP","IL21_UP.V1_UP",155,0.443661132649569,1.19370881673547,0.109364319890636,0.378724589250905,0.324042429305587,1936,"tags=21%, list=8%, signal=20%","8404/6387/81848/84561/91543/22927/1001/23046/116986/51200/8612/1959/2983/7447/9447/867/6692/11132/55296/57493/3381/6696/8459/4582/4987/2196/3748/400961/28984/22989/2661/8938/25850"
"MTOR_UP.V1_UP","MTOR_UP.V1_UP",152,-0.566144808048272,-1.23534508675287,0.119723264540338,0.407059099437148,0.348285860480982,1518,"tags=18%, list=7%, signal=17%","20/60468/3162/4835/117156/4175/10801/467/5550/84864/55247/29968/983/115701/29128/205/134429/5836/991/11065/8340/3070/5214/5163/3012/6241/5784"
"JNK_DN.V1_UP","JNK_DN.V1_UP",160,-0.555771609494277,-1.21724585932366,0.136829836829837,0.435818900383587,0.372893176798791,2061,"tags=18%, list=9%, signal=16%","3752/200424/215/80303/51208/1400/8330/259217/1183/7292/5165/8614/860/5142/27/55806/8038/8497/416/330/23345/8341/3486/90627/9750/3008/6869/2042"
"IL2_UP.V1_DN","IL2_UP.V1_DN",163,-0.553160408107844,-1.21384268216421,0.139834941299547,0.435818900383587,0.372893176798791,1647,"tags=13%, list=7%, signal=13%","10858/80201/8969/29970/26115/55266/5087/8605/23007/25840/10123/3606/9886/9751/54453/7404/79940/64759/8284/28951/8352/5137"
"KRAS.DF.V1_UP","KRAS.DF.V1_UP",181,-0.547262993237844,-1.20940458242961,0.137657864523536,0.435818900383587,0.372893176798791,1454,"tags=17%, list=6%, signal=16%","9955/79866/9871/84869/602/55347/4071/2539/4507/10020/79980/2627/55500/7837/444/847/6676/79733/7424/1806/22943/8829/4017/9787/4054/81031/501/11127/9212/9415/1462"
"STK33_SKM_DN","STK33_SKM_DN",239,-0.531786481185884,-1.19536013792374,0.130734199711207,0.435818900383587,0.372893176798791,2347,"tags=21%, list=10%, signal=19%","26999/79161/55589/3899/7414/79656/81556/56994/56981/54682/7164/120892/6641/4430/202/7004/7163/323/29904/5507/114928/5271/84327/8614/55314/26115/160428/5425/23007/65975/84978/23363/9744/5074/831/91373/10602/3983/79071/253827/1397/8871/25825/51232/55076/636/6319/4082/9750/6653/800"
"IL15_UP.V1_UP","IL15_UP.V1_UP",168,0.424862006938519,1.15645060358389,0.13728323699422,0.435818900383587,0.372893176798791,1571,"tags=18%, list=7%, signal=17%","10221/6387/3860/27242/2118/7804/25907/1958/2353/10622/1001/23046/7855/4094/51200/9781/8651/1846/1959/9447/6692/11132/51171/57493/10656/80256/6696/8459/10947/28984/79850"
"SRC_UP.V1_UP","SRC_UP.V1_UP",147,0.436566091940137,1.16205171919306,0.144666666666667,0.443486338797814,0.379453551912568,2061,"tags=20%, list=9%, signal=19%","51513/10683/2100/221476/2353/136227/5454/56776/8651/10319/4303/23416/7036/9447/4325/475/54777/7087/54089/84279/4987/2242/970/83697/2199/348013/4758/83860/100506127/80325"
"CTIP_DN.V1_UP","CTIP_DN.V1_UP",93,-0.582965539633354,-1.21894388887177,0.165125997214132,0.490322169871387,0.419526990264288,530,"tags=10%, list=2%, signal=9%","25903/3776/9122/5737/54797/1278/9734/348110/3012"
"EIF4E_UP","EIF4E_UP",89,-0.583404426760922,-1.21388824996867,0.173054883484019,0.490322169871387,0.419526990264288,2320,"tags=17%, list=10%, signal=15%","51263/134492/7263/10651/79717/5998/9551/6641/400931/63875/26272/84661/3606/10397/114884"
"RB_P130_DN.V1_UP","RB_P130_DN.V1_UP",117,-0.565229244717659,-1.20417819103473,0.165991902834008,0.490322169871387,0.419526990264288,1201,"tags=15%, list=5%, signal=14%","29127/5425/54494/9133/6640/3835/8975/983/6790/54478/7083/11065/9212/10112/9415/332/3012/57381"
"SNF5_DN.V1_DN","SNF5_DN.V1_DN",134,-0.554606296811054,-1.19721249597535,0.168424838168305,0.490322169871387,0.419526990264288,2164,"tags=22%, list=9%, signal=20%","3219/5069/29775/7881/5991/10611/1400/7164/288/24145/2258/64283/3995/27063/55243/1829/2487/9351/3675/2184/10290/10231/64332/9123/114897/5796/4837/1356/5803/2202"
"CYCLIN_D1_KE_.V1_UP","CYCLIN_D1_KE_.V1_UP",165,-0.540947087355202,-1.18685840860755,0.17232163606786,0.490322169871387,0.419526990264288,2292,"tags=16%, list=10%, signal=15%","5424/1052/3397/5998/5211/6484/1837/10447/7545/9663/1611/7070/11031/3835/23170/3339/5310/329/3983/7048/10024/10991/1969/2355/3833/1021/1290"
"NRL_DN.V1_UP","NRL_DN.V1_UP",125,-0.551803448168145,-1.18285303597153,0.19063829787234,0.495534801779266,0.423986996174773,1351,"tags=15%, list=6%, signal=14%","2131/6489/23013/678/10954/7128/2683/602/83540/4208/29899/6640/79658/59339/890/6482/8522/9249/3488"
"KRAS.300_UP.V1_UP","KRAS.300_UP.V1_UP",116,-0.555329606417583,-1.18180725264288,0.195694956949569,0.495534801779266,0.423986996174773,1105,"tags=18%, list=5%, signal=17%","9358/6252/202018/288/1496/3673/5806/6781/7035/10371/10402/3037/8348/10231/89795/55885/6653/28951/2/131566/8728"
"CTIP_DN.V1_DN","CTIP_DN.V1_DN",109,-0.55687651397053,-1.17907788315075,0.201542672306544,0.495534801779266,0.423986996174773,2233,"tags=16%, list=10%, signal=14%","23136/4059/29775/22982/5881/57000/26049/54508/6376/1906/79901/51308/26278/169611/5803/51050/25890"
"BRCA1_DN.V1_DN","BRCA1_DN.V1_DN",114,-0.554064317024529,-1.17767497667254,0.203552923760178,0.495534801779266,0.423986996174773,2138,"tags=12%, list=9%, signal=11%","29775/27295/6608/4066/54991/79792/25903/4600/55607/672/1870/658/8366/8367"
"SNF5_DN.V1_UP","SNF5_DN.V1_UP",152,-0.53919401890951,-1.17653765008051,0.193480300187617,0.495534801779266,0.423986996174773,1240,"tags=16%, list=5%, signal=15%","2870/6891/113277/6892/389792/26586/3913/80205/2192/6510/4323/6533/8549/699/54892/51514/5631/11065/9212/10112/51196/9750/55355/25890"
"P53_DN.V2_DN","P53_DN.V2_DN",124,-0.545721473801557,-1.16899884313758,0.210366224601533,0.495534801779266,0.423986996174773,1805,"tags=22%, list=8%, signal=20%","50809/11162/4185/7439/899/728/56894/7161/2121/6641/28965/3213/1058/4007/10842/29899/22936/3676/3161/1870/10403/9751/6045/8329/586/658/3008"
"ESC_J1_UP_LATE.V1_UP","ESC_J1_UP_LATE.V1_UP",164,-0.532739546507542,-1.16869226662481,0.196046511627907,0.495534801779266,0.423986996174773,1397,"tags=21%, list=6%, signal=20%","6764/30061/144165/10954/80201/8910/64283/1942/27063/4646/2487/2250/467/2627/53373/5033/23654/11135/1282/10370/22822/5270/8974/55332/51232/1284/4017/57619/154796/80114/1601/143686/3491/55742/1490"
"MEL18_DN.V1_UP","MEL18_DN.V1_UP",137,-0.53799202365079,-1.16477292199995,0.209804389312977,0.495534801779266,0.423986996174773,2156,"tags=29%, list=9%, signal=27%","55240/5069/3976/2152/25966/7436/50515/8140/9955/2191/8614/27286/3995/595/7301/1012/80380/4494/3575/8323/5744/1435/6510/10123/1906/3676/56937/3675/3037/444/4907/8038/54541/7424/8829/1969/7422/23657/8728/3696"
"RELA_DN.V1_UP","RELA_DN.V1_UP",125,-0.541914265680773,-1.16165445599292,0.216899696048632,0.495534801779266,0.423986996174773,2069,"tags=16%, list=9%, signal=15%","2152/8287/274/56981/1195/6541/28965/3371/1942/6347/2247/467/4782/6617/11067/7071/7422/8522/5163/8284"
"RB_DN.V1_DN","RB_DN.V1_DN",114,-0.546265785692758,-1.16109903968829,0.224031581544535,0.495534801779266,0.423986996174773,1546,"tags=18%, list=7%, signal=16%","8140/9637/25819/8614/3371/3998/5362/960/7473/5033/26002/85027/8038/91663/54541/79094/8340/3486/10397/857"
"PTEN_DN.V1_DN","PTEN_DN.V1_DN",142,-0.53426107107461,-1.16025305042621,0.215257244234181,0.495534801779266,0.423986996174773,1910,"tags=10%, list=8%, signal=10%","2014/2823/9486/2791/5288/8910/7291/752/7368/5270/114897/8360/7431/7039/1009"
"PDGF_UP.V1_DN","PDGF_UP.V1_DN",101,-0.550512872782365,-1.15870047549563,0.235426852200075,0.495534801779266,0.423986996174773,1684,"tags=18%, list=7%, signal=17%","415/54552/1287/602/10293/3575/23268/316/4052/444/56243/2863/416/9886/1501/1278/3012/10512"
"GCNP_SHH_UP_LATE.V1_DN","GCNP_SHH_UP_LATE.V1_DN",164,-0.525028120542914,-1.1517753999334,0.22046511627907,0.495534801779266,0.423986996174773,1799,"tags=11%, list=8%, signal=10%","8263/5734/5795/83871/6376/54867/63901/1906/651746/3339/81/8497/7424/1265/138151/79668/2042/51421"
"CSR_EARLY_UP.V1_UP","CSR_EARLY_UP.V1_UP",149,-0.528143079585612,-1.15162805600617,0.225954198473282,0.495534801779266,0.423986996174773,2321,"tags=18%, list=10%, signal=16%","51068/9686/2152/5829/285761/10802/24145/6662/29970/6566/6461/59274/122786/285704/126626/23007/10276/6781/91283/8767/4907/8204/23187/8325/7071/6482/2113"
"ATF2_UP.V1_UP","ATF2_UP.V1_UP",150,-0.526676552630728,-1.14743013128879,0.23037080635668,0.495534801779266,0.423986996174773,2040,"tags=17%, list=9%, signal=15%","5424/10863/80303/23457/3237/5331/55690/79870/79682/51659/9830/9833/10733/58504/5365/51514/51308/114088/7083/6045/23468/64151/2305/4133/79642"
"ATF2_UP.V1_DN","ATF2_UP.V1_DN",164,-0.522802954068495,-1.14689396233851,0.227906976744186,0.495534801779266,0.423986996174773,2110,"tags=25%, list=9%, signal=23%","9915/283131/27295/9672/51279/57088/9358/2121/10085/10610/10363/11037/6424/80201/7163/92/11145/1012/6586/11341/8714/22834/6347/64288/5806/79901/1545/11067/3554/5737/205/6319/768/51313/115207/3556/3400/7412/2202/4781/22998"
"RAF_UP.V1_UP","RAF_UP.V1_UP",182,-0.518338053283136,-1.1461956027507,0.225421589996558,0.495534801779266,0.423986996174773,2026,"tags=21%, list=9%, signal=19%","51/79710/10874/23406/5264/151011/5734/64762/114876/8910/10979/23092/960/8714/10020/51097/5144/7368/1545/444/831/10602/1827/4734/25825/5631/1956/51232/2034/5836/5311/10403/2770/23089/115207/5236/55214/55742"
"BMI1_DN.V1_DN","BMI1_DN.V1_DN",124,-0.534564770363941,-1.14509988728204,0.240661881007422,0.495534801779266,0.423986996174773,2153,"tags=21%, list=9%, signal=19%","7227/80303/8349/6492/11037/51015/55228/23057/1917/6337/25840/23635/55601/5142/10481/23321/3554/94081/8365/191585/1806/55816/55885/3400/8522/8355"
"TBK1.DF_UP","TBK1.DF_UP",280,-0.504325663060448,-1.14500799458424,0.192038495188101,0.495534801779266,0.423986996174773,2015,"tags=18%, list=9%, signal=17%","5925/5998/2014/5877/7079/22978/9648/2791/375449/1789/694/29970/9988/2920/3162/7128/10979/1942/3321/4771/80205/5293/8323/5744/467/23052/10635/79901/5523/54629/1845/7837/10602/9792/3554/1397/5627/2026/9837/1152/9886/26278/55076/81031/54453/23089/64759/11163/1601/7039/1462"
"CAMP_UP.V1_DN","CAMP_UP.V1_DN",191,-0.513219265824383,-1.13914095616066,0.233161806746712,0.495534801779266,0.423986996174773,1964,"tags=18%, list=9%, signal=17%","7917/1195/51062/347733/3320/3423/5594/7114/10712/473/6453/60468/26115/2776/3575/4673/23576/11031/667/23022/301/7077/3983/23187/5066/5210/80727/2026/330/11167/394/4133/10397/817/3488"
"STK33_UP","STK33_UP",268,-0.495246395434756,-1.12014955023796,0.236393622869709,0.495534801779266,0.423986996174773,2108,"tags=18%, list=9%, signal=16%","1612/132789/79717/168455/25780/8349/6252/151011/64718/24145/2791/57561/10135/2920/3162/55026/10333/25943/137835/602/10842/9586/390/64651/79739/6781/7035/79901/201895/2673/301/444/161742/22822/8829/8350/3572/8942/8339/51313/54453/9839/23657/4254/3176/84159/3696/56975"
"AKT_UP_MTOR_DN.V1_UP","AKT_UP_MTOR_DN.V1_UP",162,0.414162729186902,1.1180983521294,0.188395415472779,0.495534801779266,0.423986996174773,1439,"tags=17%, list=6%, signal=16%","51655/4645/1717/1718/11221/5327/64116/56169/55061/10367/116372/51573/4355/312/5058/57494/4047/10900/23416/10347/102/3918/1363/1843/8879/8877/1497/9513"
"STK33_NOMO_DN","STK33_NOMO_DN",249,-0.496167807665453,-1.11745573091395,0.241142604074402,0.495534801779266,0.423986996174773,2353,"tags=20%, list=10%, signal=19%","135293/26999/79161/5424/129804/3899/246721/25960/79656/7407/56994/84706/2823/54682/7164/30061/120892/440145/202/323/114876/10327/79680/91056/122953/25938/9615/27350/5425/306/22824/4147/23007/1829/80312/285758/23576/23363/9744/54947/5074/51449/9122/4734/203547/25825/112399/55076/6319/10512/3005"
"PRC2_SUZ12_UP.V1_UP","PRC2_SUZ12_UP.V1_UP",151,0.416756861388888,1.1166972425631,0.201215395003376,0.495534801779266,0.423986996174773,1762,"tags=17%, list=8%, signal=15%","3866/3936/2118/23251/81563/6123/81617/1520/1690/116372/9846/23149/1636/9617/11118/867/54039/770/81569/2196/57573/970/27344/3783/28962"
"MTOR_UP.V1_DN","MTOR_UP.V1_DN",167,0.406589324161213,1.10406393070988,0.20492396813903,0.495534801779266,0.423986996174773,1832,"tags=12%, list=8%, signal=11%","3866/51655/4804/221476/23038/51380/27143/56944/8660/23416/1363/1843/3852/11095/92565/1497/5360/3977/166785/23522"
"MTOR_UP.N4.V1_DN","MTOR_UP.N4.V1_DN",169,-0.514269996187682,-1.13071686552092,0.248088950660181,0.504267758407106,0.431459044626401,2894,"tags=22%, list=13%, signal=19%","51809/63920/79364/55758/9742/26054/901/349152/26511/90120/23177/7716/57396/474344/283131/55729/9662/130872/1195/9648/79870/23380/7561/90806/4311/83990/1602/9975/7035/11078/54880/55320/85459/26137/8357/84159/3005"
"KRAS.LUNG_UP.V1_UP","KRAS.LUNG_UP.V1_UP",103,-0.538473373961808,-1.13551055157394,0.268307923019245,0.505049745207474,0.432128124241689,2564,"tags=18%, list=11%, signal=16%","116828/83734/685/5801/3237/23098/9955/1794/26272/79625/80380/3673/78995/10402/89795/8829/79940/2113/131566"
"GCNP_SHH_UP_EARLY.V1_DN","GCNP_SHH_UP_EARLY.V1_DN",148,-0.518200076416636,-1.12920603610417,0.256756756756757,0.505049745207474,0.432128124241689,1655,"tags=19%, list=7%, signal=18%","8349/6492/202/3213/114609/64208/90102/5308/4071/6347/84978/1374/84532/3676/7112/3037/444/4600/56243/63899/10370/3554/10769/115361/4054/2113/80014/51421"
"PTEN_DN.V1_UP","PTEN_DN.V1_UP",143,-0.518769471910055,-1.12697034944338,0.261229314420804,0.505049745207474,0.432128124241689,1972,"tags=18%, list=9%, signal=17%","9315/81553/79898/65986/347733/23114/79839/259217/5795/7570/22854/7025/576/627/1917/23635/1906/8470/4600/5210/55816/51196/658/5803/7412/5915"
"ESC_V6.5_UP_LATE.V1_UP","ESC_V6.5_UP_LATE.V1_UP",167,-0.51272792087931,-1.12639427330225,0.256930750492982,0.505049745207474,0.432128124241689,1431,"tags=19%, list=6%, signal=18%","9867/8910/1942/11015/5308/6586/4646/9663/2487/2250/51097/2627/5033/201895/1000/23654/1282/23024/8974/112399/22943/1284/5352/8325/4017/9462/154796/11149/10397/1601/3005"
"BMI1_DN_MEL18_DN.V1_DN","BMI1_DN_MEL18_DN.V1_DN",128,-0.52388705707215,-1.12491275503904,0.270080077651056,0.505049745207474,0.432128124241689,2106,"tags=26%, list=9%, signal=24%","283131/80303/11275/9077/10611/8349/53343/11037/79582/55228/27246/28985/23057/6337/25840/414/55601/5122/5142/23321/9122/3554/51308/1806/7373/55816/55885/3400/8522/2070/2/114884/8633"
"BMI1_DN_MEL18_DN.V1_UP","BMI1_DN_MEL18_DN.V1_UP",138,-0.518721902311132,-1.12357895716741,0.269652215340638,0.505049745207474,0.432128124241689,2143,"tags=30%, list=9%, signal=28%","5069/3976/2152/25966/7436/50515/323/8140/2191/8614/3995/85377/595/1012/306/80380/4494/3575/10938/5744/1435/467/10123/1906/3676/56937/3675/3037/56938/444/29968/8609/4907/8038/7424/330/7422/79627/9839/23657/8728/3696"
"ATF2_S_UP.V1_UP","ATF2_S_UP.V1_UP",160,-0.511254791555247,-1.11974553476434,0.266666666666667,0.505049745207474,0.432128124241689,2056,"tags=15%, list=9%, signal=14%","8287/9077/5371/79143/2146/202/79870/7292/79682/4835/27329/306/58504/59339/3236/79633/4131/7083/9493/10112/2305/22871/7153/79642"
"ESC_V6.5_UP_LATE.V1_DN","ESC_V6.5_UP_LATE.V1_DN",168,0.392397119968993,1.06808299829547,0.26228323699422,0.505049745207474,0.432128124241689,1896,"tags=18%, list=8%, signal=16%","26577/81848/2118/2103/1891/2012/6275/158219/2810/6446/400629/2735/7855/952/10381/147111/64858/55697/23223/84524/27292/84279/6696/3624/2199/2637/23522/2707/162239/637"
"RAPA_EARLY_UP.V1_DN","RAPA_EARLY_UP.V1_DN",163,-0.507937584352069,-1.11460674105534,0.272811809833779,0.5051070142467,0.432177124489155,2283,"tags=13%, list=10%, signal=12%","81553/4000/9796/2050/9919/7106/1400/22837/6641/2022/7025/7515/51097/6640/1397/10024/558/10346/3486/4233/6869/4281"
"RB_DN.V1_UP","RB_DN.V1_UP",111,-0.527307459061091,-1.11908556471103,0.287993075306047,0.516702302518623,0.442098226753902,3552,"tags=27%, list=16%, signal=23%","9187/2956/7832/4193/54962/4833/10572/9031/57575/4176/27113/54187/7306/139716/740/3397/7067/6484/4609/54682/2052/29089/11253/4175/7283/8438/6422/23654/1397/6241"
"CRX_NRL_DN.V1_UP","CRX_NRL_DN.V1_UP",128,-0.517590839826485,-1.11139324736552,0.29289007522446,0.516702302518623,0.442098226753902,1351,"tags=12%, list=6%, signal=12%","7128/11270/2683/4208/29899/6640/79658/651746/59339/9123/701/81624/6482/8522/2670/9249"
"AKT_UP.V1_DN","AKT_UP.V1_DN",173,-0.501470875524498,-1.10460133954282,0.291714747288253,0.516702302518623,0.442098226753902,2093,"tags=19%, list=9%, signal=17%","8476/27295/55504/7106/9358/9572/7164/10954/5507/8140/23410/5425/54494/6586/355/317649/4147/23708/51097/1903/50865/5142/2184/11201/1265/23024/285966/55332/10486/115207/3667/2202/56975"
"WNT_UP.V1_UP","WNT_UP.V1_UP",143,0.402067848459429,1.06950497747757,0.283398184176394,0.516702302518623,0.442098226753902,2815,"tags=27%, list=12%, signal=24%","4645/1718/2139/5570/2353/63917/2810/27010/2735/54437/2149/222487/6934/23139/8906/7008/733/4761/79080/3748/5176/9518/3481/3642/55915/79918/4157/91544/4486/23274/29888/51554/8398/972/1139/79657/11153/2906/5029"
"CRX_DN.V1_UP","CRX_DN.V1_UP",126,0.405001641864888,1.06680672155699,0.288288288288288,0.516702302518623,0.442098226753902,1315,"tags=12%, list=6%, signal=11%","24/6121/92558/2103/22925/8870/182/92840/1258/8612/219854/249/8991/105379197/51347"
"RPS14_DN.V1_UP","RPS14_DN.V1_UP",163,-0.498237150764535,-1.09332032910057,0.308380797396257,0.538945879561683,0.461130164330852,1829,"tags=20%, list=8%, signal=19%","59/9938/151011/5734/81855/4088/54502/7045/27063/11174/306/6347/10123/11031/5144/1545/10402/645323/4600/10602/6385/79962/10769/330/51232/8942/10346/54453/9462/115207/4082/3556/6653"
"KRAS.300_UP.V1_DN","KRAS.300_UP.V1_DN",105,0.413291639293882,1.06050707077765,0.3125,0.541087962962963,0.462962962962963,2791,"tags=24%, list=12%, signal=21%","3868/3860/72/6236/10669/684/8541/6876/10964/867/25861/4586/8687/56154/23242/55534/8911/51087/2299/50940/3963/2633/25809/5243/79861"
"RELA_DN.V1_DN","RELA_DN.V1_DN",104,-0.515393086870963,-1.08830124261887,0.337535888153789,0.573811009861441,0.490961291860056,1347,"tags=12%, list=6%, signal=12%","27286/3232/3575/10371/50937/7424/768/658/57082/8366/9734/3012/10150"
"SRC_UP.V1_DN","SRC_UP.V1_DN",148,-0.495502690250944,-1.07974632618031,0.336192714453584,0.573811009861441,0.490961291860056,2029,"tags=20%, list=9%, signal=18%","165918/10501/25885/54991/55783/4173/26036/5734/2146/57561/9955/5287/5288/29127/55120/5914/3575/1903/10733/11067/79733/29128/9837/1806/8829/1295/56986/58155/79642"
"BMI1_DN.V1_UP","BMI1_DN.V1_UP",138,-0.494168473795141,-1.07039493797723,0.357551214864221,0.602361055672156,0.515389138543021,2224,"tags=25%, list=10%, signal=23%","2317/5069/3976/2152/7436/59/50515/24145/8140/2191/8614/27286/3995/5362/595/306/80380/3575/5744/1435/6510/1906/3676/56937/3675/3037/444/4907/8038/7424/22943/22926/1969/3696/9249"
"BCAT_GDS748_DN","BCAT_GDS748_DN",42,-0.565950373282364,-1.0872179373861,0.368959237988514,0.605222609682913,0.517837527001423,2100,"tags=24%, list=9%, signal=22%","4292/653784/10362/84263/28965/6502/55958/54541/65250/55603"
"KRAS.BREAST_UP.V1_DN","KRAS.BREAST_UP.V1_DN",111,-0.504162153026659,-1.06996511813121,0.367874366266848,0.605222609682913,0.517837527001423,1886,"tags=10%, list=8%, signal=9%","5027/10085/9113/10333/27063/79625/5087/5737/114088/1290/51050"
"PRC2_EZH2_UP.V1_UP","PRC2_EZH2_UP.V1_UP",170,-0.482233687169213,-1.06107373267088,0.366832427431479,0.605222609682913,0.517837527001423,1770,"tags=18%, list=8%, signal=16%","63893/3423/80207/113146/9955/1287/10924/64208/27286/1012/3673/5744/79739/10123/1906/56937/10371/3570/1845/1288/8321/5787/8497/22926/8942/23236/115207/58155/1756/131566"
"YAP1_UP","YAP1_UP",45,-0.556203585508121,-1.07550577812041,0.379762735519888,0.611959183673469,0.52360144057623,1596,"tags=38%, list=7%, signal=35%","114971/23180/29998/3996/4478/128338/1267/541565/814/4338/23433/83648/5218/84441/51375/54680/10512"
"TBK1.DN.48HRS_DN","TBK1.DN.48HRS_DN",50,-0.547127699023031,-1.07198382021568,0.382361034672537,0.611959183673469,0.52360144057623,1669,"tags=16%, list=7%, signal=15%","8050/2582/94239/329/983/1282/1738/332"
"TGFB_UP.V1_UP","TGFB_UP.V1_UP",172,-0.478278306692567,-1.05299308150457,0.383185125303153,0.611959183673469,0.52360144057623,1869,"tags=17%, list=8%, signal=16%","23186/50515/23648/7090/9767/29970/10979/9612/6498/5293/7473/467/23189/22936/1906/6781/56937/8609/23187/59338/54880/54797/79633/5376/7071/51339/5209/29995/3667/1490"
"HOXA9_DN.V1_UP","HOXA9_DN.V1_UP",176,-0.474035170332667,-1.04533358005374,0.399100553505535,0.611959183673469,0.52360144057623,1829,"tags=16%, list=8%, signal=15%","59/26509/5734/64761/8754/8099/29970/5271/54502/51128/23092/51427/57698/1514/355/10140/10123/1545/10402/25939/10769/10973/10346/26128/8345/1456/8522/6653/1462"
"KRAS.KIDNEY_UP.V1_UP","KRAS.KIDNEY_UP.V1_UP",118,-0.489139420451124,-1.04255819729045,0.407702686127806,0.611959183673469,0.52360144057623,1921,"tags=22%, list=8%, signal=20%","57088/2823/9358/6252/2104/288/2628/6507/23057/4208/25840/6422/287/10402/23321/10580/10231/11069/114088/23236/55885/6653/1356/28951/2/22998"
"CYCLIN_D1_UP.V1_UP","CYCLIN_D1_UP.V1_UP",160,-0.47598592699556,-1.04249999250393,0.40011655011655,0.611959183673469,0.52360144057623,2284,"tags=14%, list=10%, signal=13%","1052/3397/1071/6256/274/6484/6560/20/649/6195/7070/11031/3835/23170/3339/5310/10481/3983/1969/1284/768/8358/4288"
"AKT_UP.V1_UP","AKT_UP.V1_UP",156,-0.476016308712692,-1.04046682474881,0.403227692667524,0.611959183673469,0.52360144057623,1260,"tags=17%, list=6%, signal=16%","5165/51141/5359/10801/8294/467/10040/5550/1906/7368/148534/6533/92521/493869/3554/10769/8365/205/25825/5836/11065/8340/116496/5214/5163/5784/2820"
"KRAS.50_UP.V1_DN","KRAS.50_UP.V1_DN",28,0.496366442892875,1.03014734323076,0.40906362545018,0.611959183673469,0.52360144057623,991,"tags=21%, list=4%, signal=21%","3868/3860/6236/10669/8541/10964"
"ESC_V6.5_UP_EARLY.V1_UP","ESC_V6.5_UP_EARLY.V1_UP",151,0.379949158520179,1.01807124715275,0.392302498311951,0.611959183673469,0.52360144057623,2610,"tags=19%, list=11%, signal=17%","5168/6263/64798/25907/10683/222962/55502/23339/94234/23031/93185/352954/201176/115584/9806/1951/2570/100420505/1948/387509/54557/10620/92749/368/55871/161725/4602/92979"
"DCA_UP.V1_UP","DCA_UP.V1_UP",143,0.381212195492076,1.01402870713516,0.404669260700389,0.611959183673469,0.52360144057623,1394,"tags=17%, list=6%, signal=16%","64581/6121/3860/2139/54/118491/51351/3362/4192/84951/23339/11119/9389/8994/23263/710/161176/7712/10319/81570/54943/57576/23341/23523"
"PDGF_ERK_DN.V1_DN","PDGF_ERK_DN.V1_DN",139,0.380646637234971,1.0126198551305,0.405878674171357,0.611959183673469,0.52360144057623,3428,"tags=25%, list=15%, signal=21%","10221/3860/1958/2904/4958/1843/4189/6903/4245/11064/1948/144699/3337/10253/84975/3425/1027/23401/25972/10279/24144/5546/23119/4097/6909/4215/4092/22992/669/8834/11070/9673/2535/5141/23515"
"RAPA_EARLY_UP.V1_UP","RAPA_EARLY_UP.V1_UP",140,-0.478509053850029,-1.03757690473635,0.413399857448325,0.613537883673308,0.524952199934381,1895,"tags=16%, list=8%, signal=15%","5530/5027/1195/6624/7090/1002/3096/5255/2356/388685/576/23155/444/7077/23386/23641/50937/3236/22926/23468/154796/169611/1290"
"TGFB_UP.V1_DN","TGFB_UP.V1_DN",178,-0.467959769698604,-1.03268629328515,0.421464762782128,0.616043077900085,0.527095681625741,1978,"tags=18%, list=9%, signal=16%","79156/23586/26298/5734/3659/6502/8099/2920/23012/54502/5362/23338/8436/23036/10020/22834/60485/5806/55893/3339/7368/81930/9792/1282/10370/2863/330/1525/2770/2070/4254/84159"
"KRAS.600_UP.V1_DN","KRAS.600_UP.V1_DN",207,0.359049112789595,0.999941639292816,0.421676545300593,0.616043077900085,0.527095681625741,3246,"tags=25%, list=14%, signal=22%","3868/3860/72/3872/10076/10825/6236/10669/684/8541/710/23031/1258/6876/10964/867/25861/80833/4586/57124/8687/56154/51274/1280/23242/55534/8911/51087/2299/50940/3963/27293/489/2633/23396/7710/25809/79822/2315/5243/9293/79861/3613/10451/3881/64108/11314/1382/1271/317781/54739/2797"
"CAHOY_ASTROCYTIC","CAHOY_ASTROCYTIC",88,-0.496173129472512,-1.0309489594543,0.431470137825421,0.625464463359331,0.535156760093546,2462,"tags=17%, list=11%, signal=15%","7274/11237/376497/23457/55504/23127/694/23012/84978/5901/80727/7422/586/658/23657"
"KRAS.50_UP.V1_UP","KRAS.50_UP.V1_UP",39,-0.545206591526986,-1.03619484597842,0.439104392470051,0.631634779937689,0.540436175347756,1054,"tags=13%, list=5%, signal=12%","3673/6781/10402/55885/2"
"STK33_DN","STK33_DN",258,-0.450935651751582,-1.01755619065533,0.446613721597176,0.637532564417343,0.54548240805762,2353,"tags=21%, list=10%, signal=19%","135293/26999/79161/5424/129804/3899/7414/90861/79656/23164/7407/56994/84706/2823/54682/7164/120892/202/323/29904/114876/10327/79680/114928/84327/8614/26115/24140/5425/306/4147/23007/1829/23052/285758/23576/790/23363/9744/54947/5074/831/91373/10602/84058/3983/51449/79071/203547/25825/55076/6319/9750"
"PTEN_DN.V2_DN","PTEN_DN.V2_DN",129,-0.466239860738739,-1.00235415506544,0.4808273859925,0.681172130156042,0.582821073930303,1763,"tags=16%, list=8%, signal=14%","57404/9315/9902/130872/10610/871/54908/9495/7045/55701/8507/10481/25945/580/1397/54880/4016/81575/8367/4281"
"KRAS.AMP.LUNG_UP.V1_UP","KRAS.AMP.LUNG_UP.V1_UP",104,-0.47258489212513,-0.997907691127899,0.486705779553114,0.684315644935582,0.585510712244348,723,"tags=7%, list=3%, signal=7%","10402/6533/10231/64084/8341/3018/64067"
"KRAS.BREAST_UP.V1_UP","KRAS.BREAST_UP.V1_UP",98,-0.468397833190864,-0.983681765820116,0.507240901649666,0.707866034391698,0.605660778089154,2118,"tags=17%, list=9%, signal=16%","3976/347240/4066/202018/9971/2920/7128/1496/6781/7035/3037/330/64084/5396/3486/8329/2"
"PGF_UP.V1_DN","PGF_UP.V1_DN",165,-0.448088741227857,-0.983123678378267,0.513595166163142,0.711424415351908,0.60870538211928,1351,"tags=12%, list=6%, signal=11%","4791/8287/5829/23114/2077/92154/7128/9722/7070/5310/6385/8497/5737/205/10024/4016/991/64067/3691/3488"
"BCAT.100_UP.V1_UP","BCAT.100_UP.V1_UP",44,-0.505341127479663,-0.974956913253761,0.524082889946794,0.716859330305264,0.613355576731777,940,"tags=18%, list=4%, signal=17%","1917/8507/8470/2026/22943/284119/3667/2202"
"ESC_J1_UP_EARLY.V1_DN","ESC_J1_UP_EARLY.V1_DN",161,-0.444055345057251,-0.974171017298824,0.532852657285731,0.716859330305264,0.613355576731777,2626,"tags=20%, list=11%, signal=18%","5971/1848/6774/9021/387338/1052/3397/7227/7318/79717/55781/4609/2077/6041/55160/649/4026/51465/602/10293/306/9790/83903/23708/7464/1906/5523/301/26118/2013/3486/3491"
"TBK1.DN.48HRS_UP","TBK1.DN.48HRS_UP",49,-0.496518903493786,-0.970780151846688,0.53206454282168,0.716859330305264,0.613355576731777,1451,"tags=20%, list=6%, signal=19%","4891/5287/2920/51465/10123/1906/29978/1845/3486/10513"
"YAP1_DN","YAP1_DN",39,0.428022961394632,0.941237808137364,0.52809364548495,0.716859330305264,0.613355576731777,2809,"tags=26%, list=12%, signal=23%","23462/7078/8994/159091/7447/9880/5546/11153/164832/84720"
"DCA_UP.V1_DN","DCA_UP.V1_DN",163,-0.44250126264866,-0.971014757458528,0.540741601766826,0.717256136950904,0.613695090439277,1849,"tags=15%, list=8%, signal=14%","388677/219654/23114/9020/79792/6470/51135/84629/79000/6376/6498/10432/10842/8605/22834/57405/5310/51133/6533/50937/10991/83937/259266/81578"
"PKCA_DN.V1_DN","PKCA_DN.V1_DN",131,-0.449329514259835,-0.967582217599175,0.545443587270974,0.717256136950904,0.613695090439277,1682,"tags=15%, list=7%, signal=14%","4430/80975/9971/9955/960/6586/317649/1063/25959/594/29968/580/56034/64332/51313/501/9839/1356/57381/25890"
"CYCLIN_D1_UP.V1_DN","CYCLIN_D1_UP.V1_DN",164,-0.440422354906195,-0.966172313660352,0.552325581395349,0.717256136950904,0.613695090439277,2564,"tags=19%, list=11%, signal=17%","116828/27113/901/7072/5184/7408/9820/2319/687/23209/9360/8239/288/10766/2146/7163/694/5295/5775/4494/3575/9169/6098/4641/9472/3675/6617/4734/2997/675/857"
"PTEN_DN.V2_UP","PTEN_DN.V2_UP",118,-0.452782290679622,-0.965066132475322,0.54765117134797,0.717256136950904,0.613695090439277,1939,"tags=23%, list=8%, signal=21%","27113/3566/3981/4046/5616/6484/64285/26298/2823/6252/6507/7402/306/22824/3575/1435/10123/89795/79745/23034/54796/79094/330/837/4017/28951/404093"
"MYC_UP.V1_UP","MYC_UP.V1_UP",161,0.355498903920741,0.959203148806954,0.55096222380613,0.717256136950904,0.613695090439277,1597,"tags=14%, list=7%, signal=13%","26577/10683/2353/10367/222962/10669/27346/118491/84315/84221/6875/4325/23223/23481/7087/115286/79663/65999/83480/124093/84649/26094"
"PDGF_UP.V1_UP","PDGF_UP.V1_UP",138,-0.440134923459788,-0.953355422453875,0.572058122915674,0.737757717139525,0.631236549424192,2091,"tags=15%, list=9%, signal=14%","6526/200424/6634/9672/151011/10447/24145/2791/8140/8754/990/29899/467/993/55233/54541/26953/22926/7071/5209/1021"
"KRAS.LUNG.BREAST_UP.V1_DN","KRAS.LUNG.BREAST_UP.V1_DN",109,-0.446752506565498,-0.945911681528398,0.576760388156258,0.738393116920903,0.631780206991147,1451,"tags=11%, list=6%, signal=10%","119/5287/27063/5087/7915/25840/9472/64097/114088/8350/169611/1290"
"KRAS.PROSTATE_UP.V1_DN","KRAS.PROSTATE_UP.V1_DN",109,0.365706643552657,0.942860060888741,0.580448065173116,0.738393116920903,0.631780206991147,984,"tags=10%, list=4%, signal=10%","3868/3860/9935/10825/6236/10669/79831/65055/5454/55184/6876"
"BCAT_BILD_ET_AL_UP","BCAT_BILD_ET_AL_UP",42,-0.48085944167298,-0.923754157659149,0.594060792828127,0.75060383958689,0.642227884138516,1141,"tags=21%, list=5%, signal=20%","10610/2683/977/6195/1602/81/91663/837/828"
"WNT_UP.V1_DN","WNT_UP.V1_DN",141,-0.4328687668465,-0.939534341118111,0.598673300165838,0.751355081416185,0.642870657896201,1605,"tags=10%, list=7%, signal=9%","58516/5927/10333/960/8714/6781/8038/115361/7422/4233/4254/7431/8728/2670"
"ATM_DN.V1_UP","ATM_DN.V1_UP",125,-0.433034646652894,-0.928258690978955,0.614346504559271,0.763242608301303,0.653041803894163,1577,"tags=10%, list=7%, signal=9%","104/8140/6494/9495/1942/2250/627/4782/6676/7422/8968/55742"
"PRC2_EED_DN.V1_UP","PRC2_EED_DN.V1_UP",165,-0.422097041123844,-0.926096903406101,0.631187543574251,0.763242608301303,0.653041803894163,1977,"tags=15%, list=9%, signal=14%","3097/25966/57088/8349/83869/50515/8099/54502/84869/57380/467/10123/56937/9744/11067/22903/26137/8339/116496/8777/9734/58155/55339/1756/3006"
"P53_DN.V1_DN","P53_DN.V1_DN",174,-0.420124207266256,-0.925628817513687,0.631026528258362,0.763242608301303,0.653041803894163,2245,"tags=18%, list=10%, signal=16%","834/23136/2744/6489/23111/9915/1373/7436/59/259217/23433/10135/3162/1794/1593/1514/355/23189/3676/10402/5142/89795/9122/3554/3426/231/2674/10346/8522/7431/1462"
"LEF1_UP.V1_UP","LEF1_UP.V1_UP",177,-0.419394701806675,-0.925164042022632,0.632634247522471,0.763242608301303,0.653041803894163,1988,"tags=20%, list=9%, signal=19%","80723/79156/2014/347733/50515/9486/83604/2791/23414/23612/7570/2258/23037/8614/23057/5563/3956/5799/79901/56937/23363/3037/9201/8204/64097/3992/4131/558/5631/22943/4016/115207/2335/80014/7431/8728"
"NOTCH_DN.V1_DN","NOTCH_DN.V1_DN",142,-0.425738680279958,-0.924575323232314,0.623536369012419,0.763242608301303,0.653041803894163,1080,"tags=6%, list=5%, signal=6%","3575/6337/414/8497/64097/55332/1870/3400/51421"
"ALK_DN.V1_UP","ALK_DN.V1_UP",112,-0.433855640204244,-0.921175584985225,0.620012353304509,0.763242608301303,0.653041803894163,1888,"tags=16%, list=8%, signal=15%","4066/23209/8140/2191/8614/6507/6510/29968/8038/54541/7424/79094/3569/2034/8942/7422/658/23657"
"SINGH_KRAS_DEPENDENCY_SIGNATURE","SINGH_KRAS_DEPENDENCY_SIGNATURE",16,-0.516463215256822,-0.88343110305905,0.636861607862091,0.763417440193661,0.653191392679068,1142,"tags=12%, list=5%, signal=12%","10509/7039"
"RB_P107_DN.V1_DN","RB_P107_DN.V1_DN",119,-0.421125187038467,-0.898341951506181,0.659764763538348,0.785834463577523,0.672371733542266,1617,"tags=13%, list=7%, signal=12%","6717/27068/51128/9939/84869/1514/1906/10142/301/79071/79745/54541/79094/6319/2632"
"NRL_DN.V1_DN","NRL_DN.V1_DN",118,-0.419856900967282,-0.894888523580246,0.665276585306022,0.787384312988773,0.673697807904833,2589,"tags=19%, list=11%, signal=17%","84320/337872/4790/23286/9021/56967/9852/25960/146691/57139/5339/1889/79006/114987/84823/10924/81620/10165/6347/84864/26002/29761/5137"
"VEGF_A_UP.V1_UP","VEGF_A_UP.V1_UP",175,-0.408577893906307,-0.900648065678014,0.67792507204611,0.795089442557676,0.68029043213491,2127,"tags=18%, list=9%, signal=16%","7318/6558/4791/7629/5998/23456/219654/2052/5795/23264/104/9495/2356/4147/8605/1829/7070/6347/467/10123/5310/8277/6385/22822/8497/5737/54541/2026/154796/6452/3691"
"PRC1_BMI_UP.V1_UP","PRC1_BMI_UP.V1_UP",155,-0.41009304464479,-0.895909207767708,0.68029043213491,0.795089442557676,0.68029043213491,1351,"tags=10%, list=6%, signal=10%","79156/65986/80207/7128/27329/27086/10123/1906/56937/160518/330/23507/2257/8354/1021/1756"
"P53_DN.V2_UP","P53_DN.V2_UP",106,-0.414537836313939,-0.875674963869339,0.696477641768674,0.808952291992186,0.692151693683154,1565,"tags=15%, list=7%, signal=14%","1002/2920/7128/27329/7023/7473/5806/5463/4916/6385/9122/8038/10991/2355/8335/4784"
"CAMP_UP.V1_UP","CAMP_UP.V1_UP",195,-0.400539368120818,-0.889834483850323,0.702091189578334,0.81043859537746,0.693423397114404,3381,"tags=24%, list=15%, signal=20%","3309/11190/9693/3475/23645/8402/517/7184/6396/252839/51582/4085/1054/1798/4799/11059/195828/92399/10797/54899/3192/51310/10036/3987/4609/226/949/4835/7045/27350/54494/5359/4502/3148/221294/6747/23007/9472/80017/81788/171568/113829/23043/63899/23321/9500"
"KRAS.KIDNEY_UP.V1_DN","KRAS.KIDNEY_UP.V1_DN",98,-0.411320823274029,-0.863814401105288,0.713638080846241,0.818713626492313,0.700503637640482,2450,"tags=15%, list=11%, signal=14%","54558/6865/1071/80303/8647/6492/23612/10307/2044/7068/4600/3569/8329/2113/57451"
"KRAS.600.LUNG.BREAST_UP.V1_DN","KRAS.600.LUNG.BREAST_UP.V1_DN",225,0.330924645119758,0.926132279596482,0.720994475138122,0.822109553968468,0.703409244037192,1314,"tags=11%, list=6%, signal=10%","3868/3860/5818/41/2634/10076/56603/5896/8739/79703/6559/8541/710/23031/221078/1410/3595/10964/11118/51206/8991/79725/25861/80833"
"KRAS.DF.V1_DN","KRAS.DF.V1_DN",167,-0.3925249306135,-0.86232447262314,0.746201136759077,0.835940386747136,0.715243111655304,421,"tags=9%, list=2%, signal=9%","55930/1287/3371/23092/10165/1525/55076/23345/3486/79627/8345/9734/64418/5784/10512"
"IL2_UP.V1_UP","IL2_UP.V1_UP",167,-0.39012544227668,-0.85705311951092,0.753972856977149,0.835940386747136,0.715243111655304,1081,"tags=8%, list=5%, signal=8%","4071/6510/7098/993/63971/284403/30846/2355/115207/55885/3667/8728/2670/9249"
"IL21_UP.V1_DN","IL21_UP.V1_DN",142,-0.394441070228451,-0.856606404103937,0.741691306918983,0.835940386747136,0.715243111655304,1742,"tags=12%, list=8%, signal=11%","8330/10858/9113/80201/92/7021/3673/7464/728577/55691/2239/23641/4693/22903/54453/8777/5137"
"JAK2_DN.V1_DN","JAK2_DN.V1_DN",134,-0.390266203685842,-0.842456312696227,0.759050587389115,0.835940386747136,0.715243111655304,2596,"tags=18%, list=11%, signal=16%","79598/8420/349152/472/9852/283131/5991/388677/9358/57018/9988/8910/80005/84629/55243/5820/6638/63971/80174/85459/92249/54816/51616/8777"
"CRX_DN.V1_DN","CRX_DN.V1_DN",116,-0.395149305316508,-0.840924577950002,0.753874538745387,0.835940386747136,0.715243111655304,1426,"tags=27%, list=6%, signal=25%","84320/152007/4790/23286/9021/1052/57139/5339/1326/2791/84617/60468/10924/64283/1942/11015/960/602/122786/8407/4664/1051/84532/23677/79094/26064/1284/5352/7071/9180/2670"
"CRX_NRL_DN.V1_DN","CRX_NRL_DN.V1_DN",115,-0.393675477185947,-0.837301498574179,0.75994580613376,0.835940386747136,0.715243111655304,2589,"tags=21%, list=11%, signal=19%","84320/337872/4790/23286/56967/25960/57139/5339/219790/1889/79006/8910/10924/3371/122786/10165/8507/50865/84864/444/25945/6385/5066/59277"
"GLI1_UP.V1_DN","GLI1_UP.V1_DN",17,-0.446295110178018,-0.768818438279357,0.766358123204596,0.838064146428418,0.717060232238219,1952,"tags=18%, list=9%, signal=16%","79712/10801/92521"
"MYC_UP.V1_DN","MYC_UP.V1_DN",153,-0.384615362979011,-0.839259371404434,0.777790806754221,0.84180464042254,0.720260654906986,2280,"tags=16%, list=10%, signal=14%","168544/64857/84056/647135/51062/54991/57561/9867/23037/653464/6498/11278/11067/55616/84189/59339/3554/9837/3606/5347/3569/8829/144501/55143"
"PRC1_BMI_UP.V1_DN","PRC1_BMI_UP.V1_DN",151,-0.38352014496866,-0.83654217957784,0.778781833118179,0.84180464042254,0.720260654906986,1937,"tags=8%, list=8%, signal=7%","3237/29763/1875/200316/5288/1593/9351/414/5365/6045/8346/2670"
"SIRNA_EIF4GI_UP","SIRNA_EIF4GI_UP",87,-0.390721164587019,-0.810575280241677,0.790328770628118,0.849376322456656,0.726739099428155,2729,"tags=23%, list=12%, signal=20%","4841/1512/1605/7812/7508/1052/1075/23111/9782/1728/23741/678/51016/9061/467/9918/3315/2058/5836/501"
"E2F3_UP.V1_DN","E2F3_UP.V1_DN",137,-0.37801598952643,-0.81841880423343,0.800572519083969,0.854705772580244,0.73129905675315,1375,"tags=12%, list=6%, signal=12%","25896/1953/8420/5467/9515/3976/647135/25885/148189/5914/5820/93663/3569/138151/144501/675/56986"
"ALK_DN.V1_DN","ALK_DN.V1_DN",109,-0.381791403430631,-0.808369159892354,0.804428962428465,0.854705772580244,0.73129905675315,506,"tags=9%, list=2%, signal=9%","80303/5792/80178/55020/23057/8549/8325/7404/9734/5803"
"BCAT_GDS748_UP","BCAT_GDS748_UP",43,-0.399605794751084,-0.768823763973272,0.809316683036341,0.855040789422575,0.731585702179743,1897,"tags=19%, list=8%, signal=17%","23406/202/10447/1051/23576/5144/2184/115207"
"IL15_UP.V1_DN","IL15_UP.V1_DN",152,-0.373376898628912,-0.814719680673855,0.815900562851782,0.857153962097097,0.733393764361153,1439,"tags=10%, list=6%, signal=9%","56981/151011/9495/26115/1942/10123/728577/2239/6638/6676/8038/9886/54453/51339/64759"
"ESC_J1_UP_LATE.V1_DN","ESC_J1_UP_LATE.V1_DN",159,-0.36573765896826,-0.800485863852486,0.843063988790285,0.875849810576574,0.749390212258031,2656,"tags=21%, list=12%, signal=18%","27297/6508/22921/9021/7274/387338/8487/6920/7520/7227/79717/55781/347733/4609/2121/1400/84823/54821/602/10293/9790/6510/23708/80312/1906/10492/32/56034/79733/7424/2997/284119/116496"
"PRC2_SUZ12_UP.V1_DN","PRC2_SUZ12_UP.V1_DN",146,-0.365640040996994,-0.796192204126363,0.841720683559222,0.875849810576574,0.749390212258031,1649,"tags=11%, list=7%, signal=10%","5800/27113/84107/4212/3237/84823/23649/29970/1111/8438/414/257218/6533/6482/22871/6869"
"CYCLIN_D1_KE_.V1_DN","CYCLIN_D1_KE_.V1_DN",152,-0.360961239944215,-0.787628338075809,0.858231707317073,0.886681377172888,0.758657862821722,2107,"tags=13%, list=9%, signal=12%","7337/2152/687/3987/1400/9360/4824/5239/10766/104/5295/3575/284/6098/9472/3554/4734/2/7412/857"
"NOTCH_DN.V1_UP","NOTCH_DN.V1_UP",160,-0.346174738131049,-0.758188722478837,0.906293706293706,0.921070234113712,0.788081483733658,1918,"tags=12%, list=8%, signal=11%","55295/57000/2791/23380/2258/3162/860/23467/3998/23335/8436/64288/3628/4214/8986/23303/23641/1282/55885"
"PKCA_DN.V1_UP","PKCA_DN.V1_UP",129,-0.346091119079859,-0.744050220612383,0.90576992863191,0.921070234113712,0.788081483733658,2124,"tags=13%, list=9%, signal=12%","375341/79156/347733/55783/3600/5255/2948/55243/51268/2192/23635/80312/4940/148534/55601/9123/2670"
"BRCA1_DN.V1_UP","BRCA1_DN.V1_UP",95,-0.351218827515631,-0.735839896968006,0.899140546006067,0.921070234113712,0.788081483733658,2564,"tags=12%, list=11%, signal=11%","116828/11126/947/8353/8287/7079/3371/1012/79739/113612/9122/4133"
"KRAS.PROSTATE_UP.V1_UP","KRAS.PROSTATE_UP.V1_UP",108,-0.341888124161795,-0.723682271289138,0.919487307117969,0.929427710438163,0.795232265615541,1828,"tags=13%, list=8%, signal=12%","7079/80201/1002/1759/6376/2022/7291/3575/3673/78995/4214/7424/51308/65250"
"KRAS.AMP.LUNG_UP.V1_DN","KRAS.AMP.LUNG_UP.V1_DN",113,-0.339879961510587,-0.722123368924529,0.92547809993831,0.930453788647655,0.79611019349532,2626,"tags=12%, list=11%, signal=11%","5971/3224/83463/947/54858/2811/215/5331/51564/1759/80174/9886/8350/55339"
"RB_P130_DN.V1_DN","RB_P130_DN.V1_DN",125,-0.32394698745287,-0.694416968350833,0.956231003039514,0.956231003039514,0.81816556409798,2506,"tags=14%, list=11%, signal=13%","7812/1654/1075/203228/79912/283131/5925/5921/10484/79754/10953/201562/4664/201895/10142/5954/6772/81552"
